full,slug,title,subtitle,
DJ001 HOF ลาดพร้าว,DJ001,OF ลาดพร้าว,,
DJ002 HOF ใช้ในโรงงาน,DJ002,HOF ใช้ในโรงงาน,,
DJ003 STORE,DJ003,STORE,,
DJ005 Favchair Booth,DJ005,Favchair Booth,,
DJ006 Favchair,DJ006,Favchair,,
DJ007 ที่พักคนงาน,DJ007,ที่พักคนงาน,,
DJ009 SHOWROOM NOBLLE เพลินจิต,DJ009,OWROOM NOBLLE เพลินจิต,,
DJ010 HOF,DJ010,HOF,,
DJ016 เครื่องมืออุปกรณ์และเครื่องจักร,DJ016,รื่องมืออุปกรณ์และเครื่องจักร,,
DJ029 Showroom โรงงานได้ใจ,DJ029,howroom โรงงานได้ใจ,,
DJ031 เต๊นท์มาคีย์,DJ031,นท์มาคีย์,,
DJ039 โรงแรมลายไทย,DJ039,โรงแรมลายไทย,,
DJ19054 Showroom-เอกมัย,DJ19054,howroom-เอกมัย,,
DJ20007 เครื่องมืออุปกรณ์โรงงานสแตนเลส,DJ20007,เครื่องมืออุปกรณ์โรงงานสแตนเลส,,
DJ20008 วัสดุโรงงานสแตนเลส,DJ20008,วัสดุโรงงานสแตนเลส,,
DJ20014 ออฟิศ ซอย 5,DJ20014,อฟิศ ซอย 5,,
DJ20061 ลานนา,DJ20061,ลานนา,,
DJ20079 Noble Ploenjit,DJ20079,Noble Ploenjit,,
DJ21000 ปรับปรุงโรงงาน 1,DJ21000,ปรับปรุงโรงงาน 1,,
DJ21007 ร้านกาแฟ anonymous,DJ21007,ร้านกาแฟ anonymous,,
DJ21032 รพ.ธนบุรี,DJ21032,.ธนบุรี,,
DJ21060 PATREEDA RESIDENT,DJ21060,PATREEDA RESIDENT,,
DJ21064 บริษัท ซอฟฟู๊ดส์ (ประเทศไทย) จำกัด,DJ21064,ริษัท ซอฟฟู๊ดส์ (ประเทศไทย) จำกัด,,
DJ21075 รพ.รามคำแหง 2,DJ21075,รพ.รามคำแหง 2,,
DJ21080 บ้านคุณหงษ์,DJ21080,นคุณหงษ์,,
DJ21082 ร้านกาแฟ Anonymous,DJ21082,ร้านกาแฟ Anonymous,,
DJ22003 บ้านคุณเข็ม,DJ22003,นคุณเข็ม,,
DJ22009 Four season,DJ22009,Four season,,
DJ22015 โครงการ MUVMI,DJ22015,โครงการ MUVMI,,
DJ22020The Match BANGKOK Century Cup 2022,DJ22020The,Match BANGKOK Century Cup 2022,,
DJ22021 แพทย์สภา-งานแก้ไข ชั้น 14,DJ22021,ทย์สภา-งานแก้ไข ชั้น 14,,
DJ22023 MILLENNIUM PENTHOUSE,DJ22023,MILLENNIUM PENTHOUSE,,
DJ22027 Whizdom,DJ22027,Whizdom,,
DJ22028 The Room Rama 4,DJ22028,The Room Rama 4,,
DJ22029 โครงการ Navara,DJ22029,โครงการ Navara,,
DJ22030 SINTHORN,DJ22030,SINTHORN,,
DJ22031 MTF สาย 5 (อ้อมน้อย),DJ22031,F สาย 5 (อ้อมน้อย),,
DJ22032 รพ.รามคำแหง Hyperbaric oxygen Room ชั้น 1 ดึก B,DJ22032,พ.รามคำแหง Hyperbaric oxygen Room ชั้น 1 ดึก B,,
DJ22033 PURI PURI,DJ22033,PURI PURI,,
DJ22034 สถานปฏิบัติธรรมสุโขทัย,DJ22034,านปฏิบัติธรรมสุโขทัย,,
DJ22035 รพ.รามคำแหง 1 OPD NURSERY ชั้น 3,DJ22035,.รามคำแหง 1 OPD NURSERY ชั้น 3,,
DJ22038 แพทย์สภาชั้น 3,DJ22038,ย์สภาชั้น 3,,
DJ22044 ภัทรีดา วิลล่า ปทุมธานี 2,DJ22044,ทรีดา วิลล่า ปทุมธานี 2,,
DJ22046 โรงพยาบาลลานนา 1,DJ22046,โรงพยาบาลลานนา 1,,
DJ22047 โครงการบ้านนันทวัน,DJ22047,งการบ้านนันทวัน,,
DJ23002 รพ.ตา หู งานสร้างที่จอด,DJ23002,ตา หู งานสร้างที่จอด,,
DJ23003 PCG PLANT OFFICE - DRAGON PROJECT ระยอง,DJ23003,PCG PLANT OFFICE - DRAGON PROJECT ระยอง,,
DJ23004 Legacy ห้องน้ำ ชั้น 2,DJ23004,acy ห้องน้ำ ชั้น 2,,
DJ23005 รพ.น่าน-ราม,DJ23005,พ.น่าน-ราม,,
DJ23006 รพ.รามคำแหง ชั้น 3 ตึก C,DJ23006,พ.รามคำแหง ชั้น 3 ตึก C,,
DJ23007 ค่าเช่าเต้นท์ รพ.รามคำแหง,DJ23007,ค่าเช่าเต้นท์ รพ.รามคำแหง,,
DJ23008 กระจกบ้านคุณเจนนี่,DJ23008,จกบ้านคุณเจนนี่,,
DJ23009 รพ.รามคำแหง ห้อง WARD ตัวอย่าง,DJ23009,.รามคำแหง ห้อง WARD ตัวอย่าง,,
DJ23010 แพทย์สภา,DJ23010,พทย์สภา,,
DJ23010 แพทย์สภา ชั้น 11,DJ23010,ทย์สภา ชั้น 11,,
DJ23012 Q RESIDENCES,DJ23012,Q RESIDENCES,,
DJ23013 รถเข็นเพื่อนคุณชุ,DJ23013,ข็นเพื่อนคุณชุ,,
DJ23014 บ้านคุณหงษ์,DJ23014,นคุณหงษ์,,
DJ23017 บ้านเชียงใหม่,DJ23017,านเชียงใหม่,,
DJ23018 Warrix Runing Hub QSNCC,DJ23018,Warrix Runing Hub QSNCC,,
DJ23019 โรงพยาบาลอุบลรักษ์ ธนบุรี,DJ23019,ยาบาลอุบลรักษ์ ธนบุรี,,
DJ23020 Miracle Grand,DJ23020,Miracle Grand,,
DJ23021 PCG 173 สมุทรปราการ,DJ23021,PCG 173 สมุทรปราการ,,
DJ23022 ALDILA,DJ23022,ALDILA,,
DJ23023 Mandarin Oriental Bangkok Project,DJ23023,Mandarin Oriental Bangkok Project,,
DJ23026 Shabu Baru Mini @Central Embassy ชั้น 3,DJ23026,abu Baru Mini @Central Embassy ชั้น 3,,
DJ23027 บ้านสุขุมวิท 7 (คุณหมอไพบูลย์),DJ23027,านสุขุมวิท 7 (คุณหมอไพบูลย์),,
DJ23028 บริษัท กินดื่ม จำกัด - Furniture,DJ23028,บริษัท กินดื่ม จำกัด - Furniture,,
DJ23028 บริษัท กินดื่ม จำกัด Furniture,DJ23028,บริษัท กินดื่ม จำกัด Furniture,,
DJ23029 VIVE Rama 9,DJ23029,VIVE Rama 9,,
DJ23031 Amazon Café Rama2,DJ23031,Amazon Café Rama2,,
DJ23032 Shabu Baru Mini @Central World,DJ23032,Shabu Baru Mini @Central World,,
DJ23033 Whizdom เคาน์เตอร์,DJ23033,izdom เคาน์เตอร์,,
DJ23034 PCG PRODUCTION OFFICE RAYONG,DJ23034,PCG PRODUCTION OFFICE RAYONG,,
DJ23038 Ban Nantakorn Phase 1,DJ23038,Ban Nantakorn Phase 1,,
DJ23039 รพ.สินแพทย์ รามอินทรา ชั้น5-6,DJ23039,.สินแพทย์ รามอินทรา ชั้น5-6,,
DJ23040 Armchair PAC Archiect,DJ23040,Armchair PAC Archiect,,
DJ23041 Khun Film House,DJ23041,Khun Film House,,
DJ23042 Ritz Carlton,DJ23042,Ritz Carlton,,
DJ23043 Avenue แจ้งวัฒนะ,DJ23043,enue แจ้งวัฒนะ,,
DJ23044 ปรับปรุงบ้านพักบางพลี PCG,DJ23044,รับปรุงบ้านพักบางพลี PCG,,
DJ24001 Shabu Baru @velaa Langsuan,DJ24001,Shabu Baru @velaa Langsuan,,
DJ24004 Legacy Café,DJ24004,Legacy Café,,
DJ24005 เดอะซีเล็คทีฟ,DJ24005,ะซีเล็คทีฟ,,
DJ24006 โครงการบ้านคุณปุณ,DJ24006,งการบ้านคุณปุณ,,
DJ24007 DPCM - Headboard,DJ24007,DPCM - Headboard,,
DJ24007 Dusit princess chang mai,DJ24007,Dusit princess chang mai,,
DJ24008 WHIZDOM ESSENCE,DJ24008,WHIZDOM ESSENCE,,
DJ24009 รพ.รามคำแหง แผนกเลเซอร์,DJ24009,พ.รามคำแหง แผนกเลเซอร์,,
DJ24010 Legacy Furniture,DJ24010,Legacy Furniture,,
DJ24011 คลินิกศัลยกรรมเกาหลี,DJ24011,ลินิกศัลยกรรมเกาหลี,,
DJ24012 REUN,DJ24012,REUN,,
DJ24013 งานตกแต่งบันได (พัชชา คลินิก),DJ24013,นตกแต่งบันได (พัชชา คลินิก),,
DJ24015 Coffee table,DJ24015,Coffee table,,
DJ24016 บ้านคุณเข็ม,DJ24016,นคุณเข็ม,,
DJ24017 DAKJIB RESTAURANT,DJ24017,DAKJIB RESTAURANT,,
DJ24018 รพ.สิริเวช,DJ24018,.สิริเวช,,
DJ24020 รพ.รามคำแหง - แผนกผิวหนัง,DJ24020,.รามคำแหง - แผนกผิวหนัง,,
DJ24021 Legacy - Café งานโครงสร้าง,DJ24021,egacy - Café งานโครงสร้าง,,
DJ24022 งานประตู cmp,DJ24022,านประตู cmp,,
DJ24023 ร้านมานีมีหม้อ - เฟอร์นิเจอร์,DJ24023,นมานีมีหม้อ - เฟอร์นิเจอร์,,
DJ24024 SSPINE,DJ24024,SSPINE,,
DJ24025 Canapaya Residences,DJ24025,Canapaya Residences,,
DJ24026 URBAN YARS RENOVATE,DJ24026,URBAN YARS RENOVATE,,
DJ24027 Sindhorn Residence 706,DJ24027,Sindhorn Residence 706,,
DJ24028 ร้าน pizza @เวลา สินธรวิลเลจ,DJ24028,ร้าน pizza @เวลา สินธรวิลเลจ,,
DJ24029 รพ.ตา หู,DJ24029,พ.ตา หู,,
DJ24030 Legacy Clubhouse,DJ24030,Legacy Clubhouse,,
DJTMC24001 THE CASSETTE RATCHAPHRUEK,DJTMC24001,THE CASSETTE RATCHAPHRUEK,,
DJTMC24002 WH OFFICE ชั้น2,DJTMC24002, OFFICE ชั้น2,,
DJ24031 รพ.รามคำแหง - เตียงเด็ก,DJ24031,.รามคำแหง - เตียงเด็ก,,
DJ24032 Aeden House renovation,DJ24032,Aeden House renovation,,
DJ24033 DPCM-งานตกแต่งภายใน,DJ24033,PCM-งานตกแต่งภายใน,,
DJ24034 งานแก้ไข Sindhorn Residence,DJ24034,งานแก้ไข Sindhorn Residence,,
DJ24035 The Feast@Ari,DJ24035,The Feast@Ari,,
DJ24036 Favchair Fatboy Renovate สุขุมวิท44,DJ24036,chair Fatboy Renovate สุขุมวิท44,,
DJ22042 รพ.สินแพทย์เสรีรักษ์,DJ22042,สินแพทย์เสรีรักษ์,,
DJ24037 Noble Ploenjit บ้านคุณหงษ์,DJ24037,le Ploenjit บ้านคุณหงษ์,,
DJ24038 ร.พ.สินแพทย์ เสรีรักษ์-งานปรับปรุงห้องผ่าตัด,DJ24038,.สินแพทย์ เสรีรักษ์-งานปรับปรุงห้องผ่าตัด,,
DJ24039 Shabu Baru @Central Embassy,DJ24039,Shabu Baru @Central Embassy,,
DJ24040 Noble Aroud Ari บ้านคุณเอ๊ะ,DJ24040,le Aroud Ari บ้านคุณเอ๊ะ,,
DJ24041 งานแก้ไขฝ้าวีเนียร์ Shabu @Cen EM,DJ24041,งานแก้ไขฝ้าวีเนียร์ Shabu @Cen EM,,
DJ24042 งานกระจกบ้านคุณเจนนี่,DJ24042,กระจกบ้านคุณเจนนี่,,
DJ24044 Louk In Louk Jaan @velaa sindhorn,DJ24044,Louk In Louk Jaan @velaa sindhorn,,
DJ24043 Legacy Ceiling,DJ24043,Legacy Ceiling,,
DJ24044 Louk In Louk Jaan @velaa sindhorn,DJ24044,Louk In Louk Jaan @velaa sindhorn,,
DJ24045 รพ.ภัทร ธนบุรี งานปรับปรุง- โครงเหล็ก,DJ24045,พ.ภัทร ธนบุรี งานปรับปรุง- โครงเหล็ก,งานปรับปรุง- โครงเหล็ก,
DJ24046 The feast อารีย์,DJ24046,e feast อารีย์,งานแก้ไขบันได,
DJ004 ปรับปรุงโรงงาน,DJ004,ปรับปรุงโรงงาน,,
DJ24048 รพ.ลานนา,DJ24048,รพ.ลานนา,งานติดตั้งหัวเตียง,
DJ0000 STOCK FOREMAN,DJ0000,STOCK FOREMAN,,
DJ24050 Shabu Baru @The Circle,DJ24050,Shabu Baru @The Circle,Built in Furniture,
DJ24049 TMC THE CASSETTE RATCHAPHRUE,DJ24049,TMC THE CASSETTE RATCHAPHRUE,,
DJ24047 The Old Siam - Booth,DJ24047,The Old Siam - Booth,"งานปูกระเบื้องยาง, งานติดตั้งไฟ",
DJ24048 รพ.ลานนา,DJ24048,รพ.ลานนา,,
DJ24051 คุณสุชาติ,DJ24051,สุชาติ,"CNC งานเจาะรู ชุดล็อค,บานพับ,วงกบ",
DJ24052 รพ.ลานนา 3 Renovation,DJ24052,รพ.ลานนา 3 Renovation,งานRenovation ชั้น 1 อาคารหลักและกายภาพ,
DJ24053 โรงพยาบาลพญาไทบ่อวิน,DJ24053,งพยาบาลพญาไทบ่อวิน,งานตกแต่งภายในโรงพยาบาลพญาไทบ่อวิน,
DJ24054 Neweyes design,DJ24054,Neweyes design,เสาหุ้มพลาสวูด central 7 สาขา,
DJ24055 Acrylic Chair,DJ24055,Acrylic Chair,งานเก้าอี้พนักพิงอะคริลิค,
DJ24056 Showroom fatboy ekaimei soi4,DJ24056,Showroom fatboy ekaimei soi4,งานเฟอร์นิเจอร์,
DJ24057 ป้าย Fatboy,DJ24057,ป้าย Fatboy,งานป้าย,
DJ24058 Showroom fatboy CTW,DJ24058,Showroom fatboy CTW,งานเฟอร์นิเจอร์,
DJ24059 รพ.อุบลรักษ์ - เตียงเด็ก,DJ24059,.อุบลรักษ์ - เตียงเด็ก,เตียงเด็ก,