CSLUG,CTITLE,SLUG,TITLE,SUBTITLE,SUPPLIER,DEFAULT_PRICE,IS_FG,MIN,MAX,STOCK,,,,
DA,Board,DA0001,"ไม้ HDF4mm-เปลือย - - 1200x1880 (4""x6"")",,บริษัท อะโกร ไฟเบอร์ จำกัด,176.27,0,,,,,,,
DA,Board,DA0002,"ไม้ HDF4mm-เปลือย - - 1200x2400 (4""x8"")",,บริษัท อะโกร ไฟเบอร์ จำกัด,229.16,0,,,,,,,
DA,Board,DA0003,"ไม้ HDF4mm-เปลือย - - 1870x2450 (4""x8"")",,บริษัท อะโกร ไฟเบอร์ จำกัด,352.54,0,,,,,,,
DA,Board,DA0004,"ไม้ HDF4mm-เปลือย - - 2450x3010 (4""x10"")",,บริษัท อะโกร ไฟเบอร์ จำกัด,567.46,0,,,,,,,
DA,Board,DA0005,"ไม้ HMR4mm-เปลือย - - 1200x2400 (4""x8"")",,บริษัท ลานนาไม้อัดไทย จำกัด,158.88,0,,,,,,,
DA,Board,DA0006,"ไม้ HMR6mm-เปลือย - - 1200x2400 (4""x8"")",,บริษัท ลานนาไม้อัดไทย จำกัด,210.28,0,,,,,,,
DA,Board,DA0007,"ไม้ HMR6mm-เปลือย - - 1020x3000 (3""x10"")",,DAIJAI, -   ,0,,,,,,,
DA,Board,DA0008,"ไม้ HMR9mm-เปลือย - - 1200x2400 (4""x8"")",,บริษัท ลานนาไม้อัดไทย จำกัด,294.39,0,,,,,,,
DA,Board,DA0009,"ไม้ HMR12mm-เปลือย - - 1200x2000 (4""x6.6"")",,DAIJAI,383.18,0,,,,,,,
DA,Board,DA0010,"ไม้ HMR12mm-เปลือย - - 1200x2400 (4""x8"") ",,บริษัท ลานนาไม้อัดไทย จำกัด,383.18,0,,,,,,,
DA,Board,DA0011,"ไม้ HMR15mm-เปลือย - - 1200x2400 (4""x8"")",,บริษัท ลานนาไม้อัดไทย จำกัด,434.58,0,,,,,,,
DA,Board,DA0012,"ไม้ HMR18mm-เปลือย - - 1200x2400 (4""x8"")",,บริษัท ลานนาไม้อัดไทย จำกัด,504.67,0,,,,,,,
DA,Board,DA0013,"ไม้ HMR25mm-เปลือย - - 1200x2400 (4""x8"")",,บริษัท ลานนาไม้อัดไทย จำกัด,813.08,0,,,,,,,
DA,Board,DA0014,"ไม้ HMR36mm-เปลือย - - 36x1200x2400 (4""x8"")",,DAIJAIผลิต (ไม้เบิ้ล),1065.42,0,,,,,,,
DA,Board,DA0015,"ไม้ MDF3mm-เปลือย - - 1200x2400 (4""x8"")",,บริษัท ดี.เค.ค้าไม้ แอนด์ ฮาร์ดแวร์ จำกัด,100.00,0,,,,,,,
DA,Board,DA0016,"ไม้ MDF4mm-เปลือย - - 1200x2400 (4""x8"")",,บริษัท ลานนาไม้อัดไทย จำกัด,   ,0,,,,,,,
DA,Board,DA0017,"ไม้ MDF6mm-เปลือย - - 1200x2400 (4""x8"")",,บริษัท ลานนาไม้อัดไทย จำกัด,228.97,0,,,,,,,
DA,Board,DA0018,"ไม้ MDF12mm-เปลือย - - 1200x2400 (4""x8"")",,บริษัท ลานนาไม้อัดไทย จำกัด,406.54,0,,,,,,,
DA,Board,DA0019,"ไม้ MDF15mm-เปลือย - - 1200x2400 (4""x8"")",,บริษัท ลานนาไม้อัดไทย จำกัด,369.16,0,,,,,,,
DA,Board,DA0020,"ไม้ MDF18mm-เปลือย - - 1200x2400 (4""x8"")",,บริษัท ลานนาไม้อัดไทย จำกัด,546.73,0,,,,,,,
DA,Board,DA0021,"ไม้ MDF19mm-เปลือย - - 1200x2400 (4""x8"")",,NO DATA, -   ,0,,,,,,,
DA,Board,DA0022,"ไม้อัดยางPW4mm-เปลือย1200x2400mm (4""x8"")",,บริษัท สุขสวัสดิ์ไม้อัดไทย จำกัด,247.66,0,,,,,,,
DA,Board,DA0023,"ไม้อัดยางPW6mm-เปลือย1200x2400mm (4""x8"")",,บริษัท สุขสวัสดิ์ไม้อัดไทย จำกัด,345.80,0,,,,,,,
DA,Board,DA0024,"ไม้อัดยางPW8mm-เปลือย1200x2400mm (4""x8"")",,NO DATA, -   ,0,,,,,,,
DA,Board,DA0025,"ไม้อัดยางPW10mm-เปลือย1200x2400mm (4""x8"")",,บริษัท สุขสวัสดิ์ไม้อัดไทย จำกัด,401.87,0,,,,,,,
DA,Board,DA0026,"ไม้อัดยางPW15mm-เปลือย1200x2400mm (4""x8"")",,บริษัท สุขสวัสดิ์ไม้อัดไทย จำกัด,658.88,0,,,,,,,
DA,Board,DA0027,"ไม้อัดยางPW20mm-เปลือย1200x2400mm (4""x8"")",,สุขสวัสดิ์ไม้อัดไทย จำกัด (เชียงใหม่),859.81,0,,,,,,,
DA,Board,DA0028,"ไม้อัดยางดัดโค้ง4mm-เปลือย1200x2400mm (4""x8"")",,บริษัท ลานนาไม้อัดไทย จำกัด,485.98,0,,,,,,,
DA,Board,DA0029,"ไม้อัดยางดัดโค้ง5mm-เปลือย1200x2400mm (4""x8"")",,NO DATA, -   ,0,,,,,,,
DA,Board,DA0030,"แผ่นPlaswood3mm-เปลือย1200x2400mm (4""x8"")",,บริษัท สุขสวัสดิ์ไม้อัดไทย จำกัด,271.03,0,,,,,,,
DA,Board,DA0031,"แผ่นPlaswood5mm-เปลือย1200x2400mm (4""x8"")",POF241219-001 24054 Neweyes design,บริษัท สุขสวัสดิ์ไม้อัดไทย จำกัด,364.49,0,,,,,,,
DA,Board,DA0032,"แผ่นPlaswood6mm-เปลือย1200x2400mm (4""x8"")",,บริษัท สุขสวัสดิ์ไม้อัดไทย จำกัด,581.69,0,,,,,,,
DA,Board,DA0033,"แผ่นPlaswood8mm-เปลือย1200x2400mm (4""x8"")",,NO DATA, -   ,0,,,,,,,
DA,Board,DA0034,"แผ่นPlaswood9mm-เปลือย1200x2400mm (4""x8"")",,NO DATA, -   ,0,,,,,,,
DA,Board,DA0035,"แผ่นPlaswood10mm-เปลือย1200x2400mm (4""x8"")",,บริษัท สุขสวัสดิ์ไม้อัดไทย จำกัด,710.28,0,,,,,,,
DA,Board,DA0036,"แผ่นPlaswood12mm-เปลือย1200x2400mm (4""x8"")",,บริษัท สุขสวัสดิ์ไม้อัดไทย จำกัด,887.85,0,,,,,,,
DA,Board,DA0037,"แผ่นPlaswood15mm-เปลือย1200x2400mm (4""x8"")",,บริษัท สุขสวัสดิ์ไม้อัดไทย จำกัด,1112.15,0,,,,,,,
DA,Board,DA0038,"แผ่นPlaswood18mm-เปลือย1200x2400mm (4""x8"")",,บริษัท สุขสวัสดิ์ไม้อัดไทย จำกัด,1327.10,0,,,,,,,
DA,Board,DA0039,"แผ่นPlaswood20mm-เปลือย1200x2400mm (4""x8"")",,บริษัท สุขสวัสดิ์ไม้อัดไทย จำกัด,1415.89,0,,,,,,,
DA,Board,DA0040,"แผ่นPlaswood25mm-เปลือย1200x2400mm (4""x8"")",,บริษัท สุขสวัสดิ์ไม้อัดไทย จำกัด,1943.93,0,,,,,,,
DA,Board,DA0041,"ไม้สนนิวซีแลนด์50mm-เปลือย-100x3000mm (0.3""x10"")",,บริษัท รินเทล จำกัด,367.00,0,,,,,,,
DA,Board,DA0042,"ไม้อัดยางพารางประสาน20mm-เปลือย1200x2400mm (4""x8"") ฟิงเกอร์จ๊อยท์ BC",,บุญวู้ด จำกัด,1350.00,0,,,,,,,
DA,Board,DA0043,"ไม้อัดยางพารางประสาน20mm-เปลือย1200x2400mm (4""x8"") ฟิงเกอร์จ๊อยท์ CC",,บุญวู้ด จำกัด,1150.00,0,,,,,,,
DA,Board,DA0044,"ไม้อัดยางพารางประสาน25mm-เปลือย-1200x2400mm (4""x8"") ฟิงเกอร์จ๊อยท์ BC",,บุญวู้ด จำกัด,1980.00,0,,,,,,,
DA,Board,DA0045,"ไม้อัดยางพารางประสาน25mm-เปลือย-1200x2400mm (4""x8"") บัทจอยท์CC",,บุญวู้ด จำกัด,1450.00,0,,,,,,,
DA,Board,DA0046,"ไม้อัดยางพารางประสาน16mm-เปลือย-1200x2400mm (4""x8"") บัทจอยท์ BC",,บุญวู้ด จำกัด,1350.00,0,,,,,,,
DA,Board,DA0047,"บล็อคบอร์ด15mm-เปลือย-1200x2400mm (4""x8"")",,บริษัท สุขสวัสดิ์ไม้อัดไทย,523.37,0,,,,,,,
DA,Board,DA0048,"บล็อคบอร์ด20mm-เปลือย-1200x2400mm (4""x8"")",,บริษัท สุขสวัสดิ์ไม้อัดไทย,588.79,0,,,,,,,
DA,Board,DA0049,แผ่น SPC4mm-เปลือย - - 950x3000mm,,บี อาร์ ที อินเตอร์เทค จำกัด,660.00,0,,,,,,,
DA,Board,DA0050,"แผ่น PLASMA Board15mm-เปลือย - - 1200x2400 (4""x8"")",,NO DATA,,0,,,,,,,
DA,Board,DA0051,"แผ่น PLASMA Board18mm-เปลือย - - 1200x2400 (4""x8"")",,NO DATA,,0,,,,,,,
DA,Board,DA0052,"ไม้ HDF4mm-เมลามีน MKW3258-09 1หน้า 1200x2400mm (4""x8"")",, บริษัท เอ็มเค วู้ดเทค จำกัด ,230.00,0,,,,,,,
DA,Board,DA0053,"ไม้ HMR4mm-เมลามีน MKW3258-09 1หน้า 1200x2400mm (4""x8"")",, บริษัท เอ็มเค วู้ดเทค จำกัด ,,0,,,,,,,
DA,Board,DA0054,"ไม้ HMR6mm-เมลามีน MKW3258-09 1หน้า 1200x2400mm (4""x8"")",, บริษัท เอ็มเค วู้ดเทค จำกัด ,,0,,,,,,,
DA,Board,DA0055,"ไม้ HMR6mm-เมลามีน MKW3258-09 2หน้า 1200x2400mm (4""x8"")",, บริษัท เอ็มเค วู้ดเทค จำกัด ,590.00,0,,,,,,,
DA,Board,DA0056,"ไม้ HMR9mm-เมลามีน MKW3258-09 2หน้า 1200x2400mm (4""x8"")",, บริษัท เอ็มเค วู้ดเทค จำกัด ,645.00,0,,,,,,,
DA,Board,DA0057,"ไม้ HMR12mm-เมลามีน ES4006-11 2หน้า 1200x2400mm (4""x8"")",,บริษัท อีเอส คอนเซปท์ จำกัด,650.00,0,,,,,,,
DA,Board,DA0058,"ไม้ HMR12mm-เมลามีน MKW3258-09 2หน้า 1200x2400mm (4""x8"")",, บริษัท เอ็มเค วู้ดเทค จำกัด ,680.00,0,,,,,,,
DA,Board,DA0059,"ไม้ HMR15mm-เมลามีน ES4006-11 2หน้า 1200x2400mm (4""x8"")",,บริษัท อีเอส คอนเซปท์ จำกัด,790.00,0,,,,,,,
DA,Board,DA0060,"ไม้ HMR18mm-เมลามีน MKW-1125-06 2หน้า 1200x2400mm (4""x8"")",, บริษัท เอ็มเค วู้ดเทค จำกัด ,745.00,0,,,,,,,
DA,Board,DA0061,"ไม้ HMR9mm-เมลามีน MKW-5345-06 1หน้า 1200x2400 (4""x8"")",, บริษัท เอ็มเค วู้ดเทค จำกัด ,760.00,0,,,,,,,
DA,Board,DA0062,"ไม้ HMR18mm-เมลามีน MKW-5345-06 2หน้า 1200x2400 (4""x8"")",, บริษัท เอ็มเค วู้ดเทค จำกัด ,1110.00,0,,,,,,,
DA,Board,DA0063,"ไม้ HMR25mm-เมลามีน MKW-5345-06 2หน้า 1200x2400 (4""x8"")",, บริษัท เอ็มเค วู้ดเทค จำกัด ,1350.00,0,,,,,,,
DA,Board,DA0064,"ไม้ HMR9mm-เมลามีน MKW101-09 2 หน้า 1200x2400 (4""x8"")",, บริษัท เอ็มเค วู้ดเทค จำกัด ,645.00,0,,,,,,,
DA,Board,DA0065,"ไม้ HMR6mm-เมลามีน MKW101-09 1 หน้า 1200x2400 (4""x8"")",, บริษัท เอ็มเค วู้ดเทค จำกัด ,,0,,,,,,,
DA,Board,DA0066,"ไม้ HMR15mm-เมลามีน MKW101-09 2 หน้า 1200x2400 (4""x8"")",, บริษัท เอ็มเค วู้ดเทค จำกัด ,780.00,0,,,,,,,
DA,Board,DA0067,"ไม้ HMR18mm-เมลามีน MKW101-09 2 หน้า 1200x2400 (4""x8"")",, บริษัท เอ็มเค วู้ดเทค จำกัด ,870.00,0,,,,,,,
DA,Board,DA0068,"ไม้ MDF17mm-เมลามีน MKW101-09 2 หน้า 1200x2400 (4""x8"")",, บริษัท เอ็มเค วู้ดเทค จำกัด ,,0,,,,,,,
DA,Board,DA0069,"ไม้ HMR12mm-เมลามีน MKW101-09 2 หน้า 1200x2400 (4""x8"")",, บริษัท เอ็มเค วู้ดเทค จำกัด ,690.00,0,,,,,,,
DA,Board,DA0070,"ไม้ HMR15mm-เมลามีน MKW3258-09 1หน้า 1200x2400mm (4""x8"")",, บริษัท เอ็มเค วู้ดเทค จำกัด ,900.00,0,,,,,,,
DA,Board,DA0071,"ไม้ HMR15mm-เมลามีน MKW3258-09 2หน้า 1200x2400mm (4""x8"")",, บริษัท เอ็มเค วู้ดเทค จำกัด ,825.00,0,,,,,,,
DA,Board,DA0072,"ไม้ HMR18mm-เมลามีน MKW3258-09 2หน้า 1200x2400mm (4""x8"")",, บริษัท เอ็มเค วู้ดเทค จำกัด ,945.00,0,,,,,,,
DA,Board,DA0073,"ไม้ HMR18mm-เมลามีน MKW3258-09 2หน้า 1200x2400mm (4""x8"") พื้นลายหนัง",, บริษัท เอ็มเค วู้ดเทค จำกัด ,,0,,,,,,,
DA,Board,DA0074,"ไม้ HMR18mm-เมลามีน MKW3258-15 2หน้า 1200x2400mm (4""x8"") Matt-Supergloss Gray",, บริษัท เอ็มเค วู้ดเทค จำกัด ,1855.00,0,,,,,,,
DA,Board,DA0075,"ไม้ HMR36mm-เมลามีน MKW3258-09 2หน้า 1200x2400mm (4""x8"")",, บริษัท เอ็มเค วู้ดเทค จำกัด ,1890.00,0,,,,,,,
DA,Board,DA0076,"ไม้ MDF4mm-เมลามีน MKW3258-09 2หน้า 1200x2400mm (4""x8"")",, บริษัท เอ็มเค วู้ดเทค จำกัด ,,0,,,,,,,
DA,Board,DA0077,"ไม้ MDF9mm-เมลามีน MKW3258-09 2หน้า 1200x2400mm (4""x8"")",, บริษัท เอ็มเค วู้ดเทค จำกัด ,,0,,,,,,,
DA,Board,DA0078,"ไม้ MDF12mm-เมลามีน MKW3258-09 2หน้า 1200x2400mm (4""x8"")",, บริษัท เอ็มเค วู้ดเทค จำกัด ,,0,,,,,,,
DA,Board,DA0079,"ไม้ MDF18mm-เมลามีน MKW3258-09 1หน้า 1200x2400mm (4""x8"")",, บริษัท เอ็มเค วู้ดเทค จำกัด ,,0,,,,,,,
DA,Board,DA0080,"ไม้ MDF18mm-เมลามีน MKW3258-09 2หน้า 1200x2400mm (4""x8"")",, บริษัท เอ็มเค วู้ดเทค จำกัด ,,0,,,,,,,
DA,Board,DA0081,"ไม้ MDF19mm-เมลามีน MKW3258-09 2หน้า 1200x2400mm (4""x8"")",, บริษัท เอ็มเค วู้ดเทค จำกัด ,,0,,,,,,,
DA,Board,DA0082,"ไม้ HMR18mm-เมลามีน ES4001-11 2 หน้า 1200x2400mm (4""x8"")",,บริษัท อีเอส คอนเซปท์ จำกัด,920.00,0,,,,,,,
DA,Board,DA0083,"ไม้ HMR12mm-เมลามีน ES4001-12 2 หน้า 1200x2400mm (4""x8"")",,บริษัท อีเอส คอนเซปท์ จำกัด,675.00,0,,,,,,,
DA,Board,DA0084,"ไม้ HMR18mm-เมลามีน ES4001-12 2 หน้า 1200x2400mm (4""x8"")",,บริษัท อีเอส คอนเซปท์ จำกัด,920.00,0,,,,,,,
DA,Board,DA0085,"ไม้ HMR12mm-เมลามีน ES5001-17 2 หน้า 1200x2400mm (4""x8"")",,บริษัท อีเอส คอนเซปท์ จำกัด,795.00,0,,,,,,,
DA,Board,DA0086,"ไม้ HMR18mm-เมลามีน ES5001-17 2 หน้า 1200x2400mm(4""x8"")",,บริษัท อีเอส คอนเซปท์ จำกัด,1025.00,0,,,,,,,
DA,Board,DA0087,"ไม้ HMR18mm-เมลามีน ES5033-12 2 หน้า 1200x2400mm (4""x8"")",,บริษัท อีเอส คอนเซปท์ จำกัด,1025.00,0,,,,,,,
DA,Board,DA0088,"ไม้ MDF25mm-เมลามีน MKW-1125 2หน้า 1200x2400 (4""x8"")",, บริษัท เอ็มเค วู้ดเทค จำกัด ,1764.27,0,,,,,,,
DA,Board,DA0089,"ไม้ HDF4mm-ปิดผิว Vnr.T2121 1หน้า 1200x2400mm (4""x8"")",,แปซิฟิค ค้าไม้ จำกัด,1250.00,0,,,,,,,
DA,Board,DA0090,"ไม้ HDF4mm-ปิดผิว Vnr.T2121 1หน้า 1200x3000mm (4""x10"") ต่อFinger joint",,แปซิฟิค ค้าไม้ จำกัด,2550.00,0,,,,,,,
DA,Board,DA0091,"ไม้HMR4mm-เปลือย1200x2400mm (4""x8"") LN70",,บริษัท ลานนาไม้อัดไทย จำกัด,140.19,0,,,,,,,
DA,Board,DA0092,รอเปลี่ยน,,บริษัท ลานนาไม้อัดไทย จำกัด,196.26,0,,,,,,,
DA,Board,DA0093,"ไม้HMR12mm-เปลือย1200x2400mm (4""x8"") LN70",,บริษัท ลานนาไม้อัดไทย จำกัด,350.47,0,,,,,,,
DA,Board,DA0094,"ไม้ท่อนแอช 1.5"" (7""x8'x1.5"") 177.8x2440mm.",,แฟนซี ทิมเบอร์ (ประเทศไทย) จำกัด,1800.00,0,,,,,,,
DA,Board,DA0095,"ไม้ท่อนแอช 1.5"" (8""x8'x1.5"") 203.0x2440mm.",,แฟนซี ทิมเบอร์ (ประเทศไทย) จำกัด,1800.00,0,,,,,,,
DA,Board,DA0096,"ไม้ท่อนแอช 1.5"" (9""x8'x1.5"") 228.6x2440mm.",,แฟนซี ทิมเบอร์ (ประเทศไทย) จำกัด,1800.00,0,,,,,,,
DA,Board,DA0097,"ไม้ท่อนแอช 1.5"" (7""x9'x1.5"") 177.8x2745mm.",,แฟนซี ทิมเบอร์ (ประเทศไทย) จำกัด,1800.00,0,,,,,,,
DA,Board,DA0098,"ไม้ท่อนแอช 1.5"" (8""x9'x1.5"") 177.8x2745mm.",,แฟนซี ทิมเบอร์ (ประเทศไทย) จำกัด,1800.00,0,,,,,,,
DA,Board,DA0099,"ไม้ท่อนแอช 1.5"" (9""x9'x1.5"") 228.6x2745mm.",,แฟนซี ทิมเบอร์ (ประเทศไทย) จำกัด,1800.00,0,,,,,,,
DA,Board,DA0100,รอเปลี่ยน,,,359.81,0,,,,,,,
DA,Board,DA0101,"ไม้ HMR18mm-เมลามีน MKW400-09 2หน้า 1200x2400mm (4""x8"") BLACK",, บริษัท เอ็มเค วู้ดเทค จำกัด ,950.00,0,,,,,,,
DA,Board,DA0102,"ไม้HMR 18mm-ผิวฟิล์ม TIN-029K 2หน้า 1220x2440 mm. (4""x8"")",,บริษัท ควอลิตี้ลามิเนเตอร์ จำกัด,115.00,0,,,,,,,
DA,Board,DA0103,รอเปลี่ยน,,บริษัท ลานนาไม้อัดไทย จำกัด,406.54,0,,,,,,,
DA,Board,DA0104,"ไม้HMR 25mm-ผิวฟิล์ม TIN-029K 2หน้า 1220x2440 mm. (4""x8"")",,บริษัท ควอลิตี้ลามิเนเตอร์ จำกัด,120.00,0,,,,,,,
DA,Board,DA0105,"ไม้ HMR12mm-เมลามีน MKW1125-11 2 หน้า 1200x2400mm (4""x8"")",, บริษัท เอ็มเค วู้ดเทค จำกัด ,1080.00,0,,,,,,,
DA,Board,DA0106,"ไม้ HMR15mm-เมลามีน MKW1125-11 2 หน้า 1200x2400mm (4""x8"")",, บริษัท เอ็มเค วู้ดเทค จำกัด ,,0,,,,,,,
DA,Board,DA0107,"ไม้ HMR18mm-เมลามีน MKW1125-11 2 หน้า 1200x2400mm (4""x8"")",, บริษัท เอ็มเค วู้ดเทค จำกัด ,745.00,0,,,,,,,
DA,Board,DA0108,"ไม้ HMR6mm-เมลามีน MD635 2 หน้า 6x1200x2400mm. (4""x8"")",,เมโทร เอ็ม.ดี.เอฟ. จำกัด,705.00,0,,,,,,,
DA,Board,DA0109,"ไม้ HMR18mm-เมลามีน MD635 2 หน้า 18x1200x2400mm. (4""x8"")",,เมโทร เอ็ม.ดี.เอฟ. จำกัด,900.00,0,,,,,,,
DA,Board,DA0110,"ไม้ MDF18mm-เมลามีน MD404 2 หน้า 18x1200x2400mm. (4""x8"")",,เมโทร เอ็ม.ดี.เอฟ. จำกัด,900.00,0,,,,,,,
DA,Board,DA0111,"ไม้ MDF18mm-เมลามีน MD645 2 หน้า 18x1200x2400mm. (4""x8"")",,เมโทร เอ็ม.ดี.เอฟ. จำกัด,900.00,0,,,,,,,
DA,Board,DA0112,"ไม้ปาติเกิล PB9mm-เมลามีน MD206 2 หน้า 1800x2400mm (6""x8"")",,เมโทร ปาร์ติเกิล จำกัด POF221221-007,925.00,0,,,,,,,
DA,Board,DA0113,"ไม้ปาติเกิล PB12mm-เมลามีน MD206 2 หน้า 1800x2400mm (6""x8"")",,เมโทร ปาร์ติเกิล จำกัด POF221221-007,945.00,0,,,,,,,
DA,Board,DA0114,"ไม้ปาติเกิล PB18mm-เมลามีน MD206 2 หน้า 1800x2400mm (6""x8"")",,เมโทร ปาร์ติเกิล จำกัด POF221221-007,1080.00,0,,,,,,,
DA,Board,DA0115,"ไม้ HMR12mm-เมลามีน MD286 2 หน้า 1200x2400mm (4""x8"")",,เมโทร เอ็ม.ดี.เอฟ. จำกัด,890.00,0,,,,,,,
DA,Board,DA0116,"ไม้ HMR18mm-เมลามีน MD286 2 หน้า 1200x2400mm (4""x8"")",,เมโทร เอ็ม.ดี.เอฟ. จำกัด,990.00,0,,,,,,,
DA,Board,DA0117,"ไม้ปาติเกิล PB18mm-เมลามีน MD286 2 หน้า 1200x2400mm (4""x8"")",,เมโทร ปาร์ติเกิล จำกัด ,720.00,0,,,,,,,
DA,Board,DA0118,"ไม้ปาติเกิล PB12mm-เมลามีน MD641 2 หน้า 1200x2400 (4""x8"")",, เมโทร ปาร์ติเกิล จำกัด  ,630.00,0,,,,,,,
DA,Board,DA0119,"ไม้ปาติเกิล PB18mm-เมลามีน MD641 2 หน้า 1200x2400 (4""x8"")",, เมโทร ปาร์ติเกิล จำกัด  ,720.00,0,,,,,,,
DA,Board,DA0120,"ไม้อัดยาง PWB10mm-เมลามีน MKW101-09 1หน้า 1200x2400mm (4""x8"")",, บริษัท เอ็มเค วู้ดเทค จำกัด ,790.00,0,,,,,,,
DA,Board,DA0121,"ไม้ HMR18mm-เมลามีน MKW1169-02 2หน้า 1200x2400 (4""x8"")",DJ24052 พ. ลานนา Renovation (ลานนา 3 ชั้น 1), บริษัท เอ็มเค วู้ดเทค จำกัด ,1010.00,0,,,,,,,
DA,Board,DA0122,"ไม้ MDF12mm-เมลามีน MKW3309-06 2หน้า 1200x2400 (4""x8"")",, บริษัท เอ็มเค วู้ดเทค จำกัด ,670.00,0,,,,,,,
DA,Board,DA0123,"ไม้ MDF19mm-เมลามีน MKW3309-06 2หน้า 1200x2400 (4""x8"")",, บริษัท เอ็มเค วู้ดเทค จำกัด ,810.00,0,,,,,,,
DA,Board,DA0124,"ไม้ HDF4mm-เมลามีน MKW5377-06 2หน้า 1200x2400mm (4""x8"")",, บริษัท เอ็มเค วู้ดเทค จำกัด ,370.00,0,,,,,,,
DA,Board,DA0125,"ไม้ HMR12mm-เมลามีน MKW5377-06 2หน้า 1200x2400mm (4""x8"")",, บริษัท เอ็มเค วู้ดเทค จำกัด ,1080.00,0,,,,,,,
DA,Board,DA0126,"ไม้ HMR15mm-เมลามีน MKW5377-06 2หน้า 1200x2400mm (4""x8"")",, บริษัท เอ็มเค วู้ดเทค จำกัด ,1190.00,0,,,,,,,
DA,Board,DA0127,"ไม้ HMR18mm-เมลามีน MKW5377-06 2หน้า 1200x2400mm (4""x8"")",, บริษัท เอ็มเค วู้ดเทค จำกัด ,1110.00,0,,,,,,,
DA,Board,DA0128,"ไม้ MDF19mm-เมลามีน MKW5377-06 2หน้า 1200x2400mm (4""x8"")",, บริษัท เอ็มเค วู้ดเทค จำกัด ,810.00,0,,,,,,,
DA,Board,DA0129,"ไม้ HDF4mm-เมลามีน MKW595-09 1หน้า 1200x2400mm (4""x8"")",, บริษัท เอ็มเค วู้ดเทค จำกัด ,270.00,0,,,,,,,
DA,Board,DA0130,"ไม้ HMR18mm-เมลามีน MKW595-01 1หน้า 1200x2400mm (4""x8"")",, บริษัท เอ็มเค วู้ดเทค จำกัด ,1010.00,0,,,,,,,
DA,Board,DA0131,"ไม้ HMR18mm-เมลามีน MKW6983-11 2หน้า 1200x2400mm (4""x8"")",, บริษัท เอ็มเค วู้ดเทค จำกัด ,1310.00,0,,,,,,,
DA,Board,DA0132,"ไม้ HDF4mm-เมลามีน MKW101-09 1หน้า 1200x2400mm (4""x8"")
",, บริษัท เอ็มเค วู้ดเทค จำกัด ,185.00,0,,,,,,,
DA,Board,DA0133,"ไม้ HMR4mm-เมลามีน MKW101-09 2หน้า 1200x2400mm (4""x8"")",, บริษัท เอ็มเค วู้ดเทค จำกัด ,485.00,0,,,,,,,
DA,Board,DA0134,"ไม้ HMR6mm-เมลามีน MKW101-01 2หน้า 1200x2400mm (4""x8"")",, บริษัท เอ็มเค วู้ดเทค จำกัด ,570.00,0,,,,,,,
DA,Board,DA0135,"ไม้ HMR6mm-เมลามีน MKW101-09 2หน้า 1200x2400mm (4""x8"")",, บริษัท เอ็มเค วู้ดเทค จำกัด ,530.00,0,,,,,,,
DA,Board,DA0136,"ไม้ HMR12mm-เมลามีน MKW101-01 2หน้า 1200x2400mm (4""x8"")",, บริษัท เอ็มเค วู้ดเทค จำกัด ,760.00,0,,,,,,,
DA,Board,DA0137,"ไม้ HMR15mm-เมลามีน MKW101-01 2หน้า 1200x2400mm (4""x8"")",, บริษัท เอ็มเค วู้ดเทค จำกัด ,860.00,0,,,,,,,
DA,Board,DA0138,"ไม้ HMR18mm-เมลามีน MKW101-01 2หน้า 1200x2400mm (4""x8"")",, บริษัท เอ็มเค วู้ดเทค จำกัด ,990.00,0,,,,,,,
DA,Board,DA0139,"ไม้ HMR18mm-เมลามีน MKW101-04 2หน้า 1200x2400mm (4""x8"")",, บริษัท เอ็มเค วู้ดเทค จำกัด ,990.00,0,,,,,,,
DA,Board,DA0140,"ไม้ HMR18mm-เมลามีน MKW101-15 2หน้า 1200x2400mm (4""x8"") ",, บริษัท เอ็มเค วู้ดเทค จำกัด ,1755.00,0,,,,,,,
DA,Board,DA0141,"ไม้ HMR25mm-เมลามีน MKW101-15 2หน้า 1200x2400mm (4""x8"")",, บริษัท เอ็มเค วู้ดเทค จำกัด ,1815.00,0,,,,,,,
DA,Board,DA0142,"ไม้ MDF6mm-เมลามีน MKW101-09 1หน้า 1200x2400mm (4""x8"")",, บริษัท เอ็มเค วู้ดเทค จำกัด ,415.00,0,,,,,,,
DA,Board,DA0143,"ไม้ MDF9mm-เมลามีน MKW101-04 2หน้า 1200x2400mm (4""x8"")",, บริษัท เอ็มเค วู้ดเทค จำกัด ,475.00,0,,,,,,,
DA,Board,DA0144,"ไม้ MDF9mm-เมลามีน MKW101-09 1หน้า 1200x2400mm (4""x8"")",, บริษัท เอ็มเค วู้ดเทค จำกัด ,475.00,0,,,,,,,
DA,Board,DA0145,"ไม้ MDF12mm-เมลามีน MKW101-09 2หน้า 1200x2400mm (4""x8"")",, บริษัท เอ็มเค วู้ดเทค จำกัด ,565.00,0,,,,,,,
DA,Board,DA0146,"ไม้ MDF16mm-เมลามีน MKW101-09 2หน้า 1200x2400mm (4""x8"")",, บริษัท เอ็มเค วู้ดเทค จำกัด ,620.00,0,,,,,,,
DA,Board,DA0147,"ไม้ MDF19mm-เมลามีน MKW101-03 1หน้า 1200x2400mm (4""x8"")",, บริษัท เอ็มเค วู้ดเทค จำกัด ,470.00,0,,,,,,,
DA,Board,DA0148,"ไม้ MDF19mm-เมลามีน MKW101-04 2หน้า 1200x2400mm (4""x8"")",, บริษัท เอ็มเค วู้ดเทค จำกัด ,690.00,0,,,,,,,
DA,Board,DA0149,"ไม้ MDF19mm-เมลามีน MKW101-09 2หน้า 1200x2400mm (4""x8"")",, บริษัท เอ็มเค วู้ดเทค จำกัด ,735.00,0,,,,,,,
DA,Board,DA0150,"ไม้ MDF25mm-เมลามีน MKW101-04 2หน้า 1200x2400mm (4""x8"")",, บริษัท เอ็มเค วู้ดเทค จำกัด ,950.00,0,,,,,,,
DA,Board,DA0151,"ไม้อัดยาง PWB15mm-เมลามีน MKW101-09 2หน้า 1200x2400mm (4""x8"")",, บริษัท เอ็มเค วู้ดเทค จำกัด ,340.00,0,,,,,,,
DA,Board,DA0152,"แผ่นคอมแพค12mm #29087 Grenada 1200x2400mm (4""x8"")",,,,0,,,,,,,
DA,Board,DA0153,"แผ่นคอมแพค12mm #29121 Samoa Teak 1200x2400mm (4""x8"")",,,,0,,,,,,,
DA,Board,DA0154,"แผ่นคอมแพค12mm #1927 Light Grey 1200x2400mm (4""x8"")",,,,0,,,,,,,
DA,Board,DA0155,"ไม้ HMR18mm-เมลามีน MD658 2 หน้า 1200x2400mm (4""x8"")",, บริษัท เมโทร เอ็ม.ดี.เอฟ. จำกัด ,,0,,,,,,,
DA,Board,DA0156,"ไม้ HMR18mm-เมลามีน MD713 2 หน้า 1200x2400mm (4""x8"")",, บริษัท เมโทร เอ็ม.ดี.เอฟ. จำกัด ,1410.00,0,,,,,,,
DA,Board,DA0157,"ไม้ HMR12mm-เมลามีน MD399-E2 1หน้า 1200x2400mm (4""x8"")",, บริษัท เมโทร เอ็ม.ดี.เอฟ. จำกัด ,720.00,0,,,,,,,
DA,Board,DA0158,"ไม้ HMR12mm-เมลามีน MD399-E2 2หน้า 1200x2400mm (4""x8"")",, บริษัท เมโทร เอ็ม.ดี.เอฟ. จำกัด ,770.00,0,,,,,,,
DA,Board,DA0159,"ไม้ HMR18mm-เมลามีน MD399-E2 2หน้า 1200x2400mm (4""x8"")",, บริษัท เมโทร เอ็ม.ดี.เอฟ. จำกัด ,980.00,0,,,,,,,
DA,Board,DA0160,"ไม้ HMR25mm-เมลามีน MD399-E2 2หน้า 1200x2400mm (4""x8"")",, บริษัท เมโทร เอ็ม.ดี.เอฟ. จำกัด ,1150.00,0,,,,,,,
DA,Board,DA0161,"ไม้ HMR9mm-เมลามีน MD399-E2 1หน้า 1200x2400mm (4""x8"")",, บริษัท เมโทร เอ็ม.ดี.เอฟ. จำกัด ,635.00,0,,,,,,,
DA,Board,DA0162,"ไม้ HMR6mm-เมลามีน MD203 Grey 2หน้า 1200x2400mm (4""x8"")",, บริษัท เมโทร เอ็ม.ดี.เอฟ. จำกัด ,600.00,0,,,,,,,
DA,Board,DA0163,"ไม้ HMR12mm-เมลามีน MD203 Grey 2หน้า 1200x2400mm (4""x8"")",, บริษัท เมโทร เอ็ม.ดี.เอฟ. จำกัด ,780.00,0,,,,,,,
DA,Board,DA0164,"ไม้ HMR18mm-เมลามีน MD203 Grey 2หน้า 1200x2400mm (4""x8"")",, บริษัท เมโทร เอ็ม.ดี.เอฟ. จำกัด ,880.00,0,,,,,,,
DA,Board,DA0165,"ไม้ MDF18mm-เมลามีน MD244 2 หน้า 1800x2400mm (6""x8"")",, บริษัท เมโทร เอ็ม.ดี.เอฟ. จำกัด ,1750.00,0,,,,,,,
DA,Board,DA0166,"ไม้ MDF18mm-เมลามีน MD372 2 หน้า 1200x2400mm (4""x8"")",, บริษัท เมโทร เอ็ม.ดี.เอฟ. จำกัด ,915.00,0,,,,,,,
DA,Board,DA0167,"ไม้ HMR18mm-เมลามีน MKW4032-04 2 หน้า 1200x2400mm (4""x8"")",, บริษัท เอ็มเค วู้ดเทค จำกัด ,1010.00,0,,,,,,,
DA,Board,DA0168,"ไม้ HMR18mm-เมลามีน MKW3304-05 2หน้า 1200x2400mm (4""x8"")",, บริษัท เอ็มเค วู้ดเทค จำกัด ,1310.00,0,,,,,,,
DA,Board,DA0169,"ไม้ HMR25mm-เมลามีน MKW5771-11 2หน้า 1200x2400mm (4""x8"")",, บริษัท เอ็มเค วู้ดเทค จำกัด ,1350.00,0,,,,,,,
DA,Board,DA0170,"ไม้ HMR12mm-เมลามีน MKW400-06 2หน้า 1200x2400mm (4""x8"") BLACK",, บริษัท เอ็มเค วู้ดเทค จำกัด ,1065.00,0,,,,,,,
DA,Board,DA0171,"ไม้ HMR12mm-เมลามีน MKW400-09 2หน้า 1200x2400mm (4""x8"") BLACK",, บริษัท เอ็มเค วู้ดเทค จำกัด ,865.00,0,,,,,,,
DA,Board,DA0172,"ไม้ HMR18mm-เมลามีน MKW400-06 2หน้า 1200x2400mm (4""x8"") BLACK",, บริษัท เอ็มเค วู้ดเทค จำกัด ,1305.00,0,,,,,,,
DA,Board,DA0173,"ไม้ HMR18mm-เมลามีน MKW400-09 2หน้า 1200x2400mm (4""x8"")",, บริษัท เอ็มเค วู้ดเทค จำกัด ,950.00,0,,,,,,,
DA,Board,DA0174,"ไม้ MDF4mm-เมลามีน MKW400-01 2หน้า 1200x2400mm (4""x8"") BLACK",, บริษัท เอ็มเค วู้ดเทค จำกัด ,425.00,0,,,,,,,
DA,Board,DA0175,"ไม้ MDF16mm-เมลามีน MKW400-04 2หน้า 1200x2400mm (4""x8"") BLACK",, บริษัท เอ็มเค วู้ดเทค จำกัด ,720.00,0,,,,,,,
DA,Board,DA0176,"ไม้ MDF19mm-เมลามีน MKW400-04 2หน้า 1200x2400mm (4""x8"") BLACK",, บริษัท เอ็มเค วู้ดเทค จำกัด ,790.00,0,,,,,,,
DA,Board,DA0177,"ไม้ HMR12mm-เมลามีน MEL073 Sandstone 2 หน้า 1200x2400mm (4""x8"")",,บริษัท รุ่งสมบัติ (2528) จำกัด,914.00,0,,,,,,,
DA,Board,DA0178,"ไม้ HMR15mm-เมลามีน MEL073 Sandstone 2 หน้า 1200x2400mm (4""x8"")",,บริษัท รุ่งสมบัติ (2528) จำกัด,1067.00,0,,,,,,,
DA,Board,DA0179,"ไม้ HDF4mm-เมลามีน MKW7651-09 1หน้า 1200x2400mm (4""x8"")",, บริษัท เอ็มเค วู้ดเทค จำกัด ,260.00,0,,,,,,,
DA,Board,DA0180,"ไม้ HMR6mm-เมลามีน MKW7651-01 2หน้า 1200x2400mm (4""x8"")",, บริษัท เอ็มเค วู้ดเทค จำกัด ,690.00,0,,,,,,,
DA,Board,DA0181,"ไม้ HMR12mm-เมลามีน MKW7651-09 2หน้า 1200x2400mm (4""x8"")",, บริษัท เอ็มเค วู้ดเทค จำกัด ,805.00,0,,,,,,,
DA,Board,DA0182,"ไม้ HMR18mm-เมลามีน MKW7651-09 2หน้า 1200x2400mm (4""x8"")",, บริษัท เอ็มเค วู้ดเทค จำกัด ,1010.00,0,,,,,,,
DA,Board,DA0183,"ไม้ HMR25mm-เมลามีน MKW7651-09 2หน้า 1200x2400mm (4""x8"")",, บริษัท เอ็มเค วู้ดเทค จำกัด ,1270.00,0,,,,,,,
DA,Board,DA0184,"ไม้ HMR12mm-เมลามีน ES4002-11 2 หน้า 1200x2400mm (4""x8"")",,บริษัท อีเอส คอนเซปท์ จำกัด,775.00,0,,,,,,,
DA,Board,DA0185,"ไม้ HMR12mm-เมลามีน ES4006-11 2 หน้า 1200x2400mm (4""x8"")",,บริษัท อีเอส คอนเซปท์ จำกัด,650.00,0,,,,,,,
DA,Board,DA0186,"ไม้ HMR18mm-เมลามีน ES4002-11 2 หน้า 1200x2400mm (4""x8"")",,บริษัท อีเอส คอนเซปท์ จำกัด,960.00,0,,,,,,,
DA,Board,DA0187,"ไม้ PB12mm ปาติเกิ้ลบอร์ด-เมลามีน ES4002-11 2 หน้า 1200x2400mm (4""x8"")",,บริษัท อีเอส คอนเซปท์ จำกัด,520.00,0,,,,,,,
DA,Board,DA0188,"ไม้ PB18mm ปาติเกิ้ลบอร์ด-เมลามีน ES4002-11 2 หน้า 1200x2400mm (4""x8"")",,บริษัท อีเอส คอนเซปท์ จำกัด,620.00,0,,,,,,,
DA,Board,DA0189,"ไม้ MDF18mm-เมลามีน ES4003-11 2 หน้า 1200x2400mm (4""x8"")",,บริษัท อีเอส คอนเซปท์ จำกัด,725.00,0,,,,,,,
DA,Board,DA0190,"ไม้ HDF4mm-ฟิล์ม MYKA#TIN-008K 1หน้า 1200x2200mm (4""x7.3"")",,ควอลิตี้ลามิเนเตอร์ จำกัด,57.00,0,,,,,,,
DA,Board,DA0191,"ไม้ HDF4mm-ฟิล์ม MYKA#TIN-008K 1หน้า 1200x2400mm (4""x8"")",,ควอลิตี้ลามิเนเตอร์ จำกัด,57.00,0,,,,,,,
DA,Board,DA0192,"ไม้ HDF4mm-ฟิล์ม MYKA#TIN-008K 1หน้า 1200x3000mm (4""x10"")",,ควอลิตี้ลามิเนเตอร์ จำกัด,70.00,0,,,,,,,
DA,Board,DA0193,"ไม้ HMR12mm-ฟิล์ม MYKA#TIN-008K 1หน้า 1200x2400mm (4""x8"")",,ควอลิตี้ลามิเนเตอร์ จำกัด,62.00,0,,,,,,,
DA,Board,DA0194,"ไม้ HMR12mm-ฟิล์ม MYKA#TIN-008K 1หน้า 1200x2750mm (4""x9"")",,ควอลิตี้ลามิเนเตอร์ จำกัด,62.00,0,,,,,,,
DA,Board,DA0195,"ไม้ HMR12mm-ฟิล์ม MYKA#TIN-008K 2หน้า 1200x2400mm (4""x8"")",,ควอลิตี้ลามิเนเตอร์ จำกัด,110.00,0,,,,,,,
DA,Board,DA0196,"ไม้ HMR15mm-ฟิล์ม MYKA#TIN-008K 1หน้า 1200x2400mm (4""x8"")",,ควอลิตี้ลามิเนเตอร์ จำกัด,62.00,0,,,,,,,
DA,Board,DA0197,"ไม้ HMR15mm-ฟิล์ม MYKA#TIN-008K 2หน้า 1200x2400mm (4""x8"")",,ควอลิตี้ลามิเนเตอร์ จำกัด,110.00,0,,,,,,,
DA,Board,DA0198,"ไม้ HMR18mm-ฟิล์ม MYKA#TIN-008K 1หน้า 1200x2400mm (4""x8"")",,ควอลิตี้ลามิเนเตอร์ จำกัด,66.00,0,,,,,,,
DA,Board,DA0199,"ไม้ HMR18mm-ฟิล์ม MYKA#TIN-008K 2หน้า 1200x2400mm (4""x8"")",,ควอลิตี้ลามิเนเตอร์ จำกัด,115.00,0,,,,,,,
DA,Board,DA0200,"ไม้ HMR6mm-ฟิล์ม MYKA#TIN-008K 1หน้า 1200x2400mm (4""x8"")",,ควอลิตี้ลามิเนเตอร์ จำกัด,50.00,0,,,,,,,
DA,Board,DA0201,"ไม้ HMR9mm-ฟิล์ม MYKA#TIN-008K 1หน้า 1200x2400mm (4""x8"")",,ควอลิตี้ลามิเนเตอร์ จำกัด,62.00,0,,,,,,,
DA,Board,DA0202,"ไม้ HMR9mm-ฟิล์ม MYKA#TIN-008K 2หน้า 1200x2400mm (4""x8"")",,ควอลิตี้ลามิเนเตอร์ จำกัด,110.00,0,,,,,,,
DA,Board,DA0203,"ไม้ MDF12mm-ฟิล์ม MYKA#TIN-008K 2หน้า 1200x2400mm (4""x8"")",,ควอลิตี้ลามิเนเตอร์ จำกัด,100.00,0,,,,,,,
DA,Board,DA0204,"ไม้ MDF18mm-ฟิล์ม MYKA#TIN-008K 2หน้า 1200x2400mm (4""x8"")",,ควอลิตี้ลามิเนเตอร์ จำกัด,100.00,0,,,,,,,
DA,Board,DA0205,"ไม้ MDF19mm-ฟิล์ม MYKA#TIN-008K 2หน้า 1200x2400mm (4""x8"")",,ควอลิตี้ลามิเนเตอร์ จำกัด,100.00,0,,,,,,,
DA,Board,DA0206,"ไม้ MDF4mm-ฟิล์ม MYKA#TIN-008K 1หน้า 1200x2400mm (4""x8"")",,ควอลิตี้ลามิเนเตอร์ จำกัด,50.00,0,,,,,,,
DA,Board,DA0207,"ไม้อัดยางพาราประสาน20mm-ฟิล์ม MYKA#TIN-008K 1หน้า 1200x2400mm (4""x8"")",,ควอลิตี้ลามิเนเตอร์ จำกัด,75.00,0,,,,,,,
DA,Board,DA0208,"ไม้ HDF4mm-ฟิล์ม MYKA#TGS-010K 1หน้า 1200x2400mm (4""x8"")",,บริษัท ควอลิตี้ลามิเนเตอร์ จำกัด,57.00,0,,,,,,,
DA,Board,DA0209,"ไม้ HDF4mm-ฟิล์ม MYKA#TGS-010K 1หน้า 1200x2600mm (4""x8.6"")",,บริษัท ควอลิตี้ลามิเนเตอร์ จำกัด,65.00,0,,,,,,,
DA,Board,DA0210,"ไม้ HDF4mm-ฟิล์ม MYKA#TGS-010K 1หน้า 1200x2800mm (4""x9.3"")",,บริษัท ควอลิตี้ลามิเนเตอร์ จำกัด,65.00,0,,,,,,,
DA,Board,DA0211,"ไม้ HMR6mm-ฟิล์ม MYKA#TGS-010K 1หน้า 1200x2400mm (4""x8"")",,บริษัท ควอลิตี้ลามิเนเตอร์ จำกัด,57.00,0,,,,,,,
DA,Board,DA0212,"ไม้ HMR6mm-ฟิล์ม MYKA#TGS-010K 1หน้า 1200x2650mm (4""x8.8"")",,บริษัท ควอลิตี้ลามิเนเตอร์ จำกัด,57.00,0,,,,,,,
DA,Board,DA0213,"ไม้ HMR12mm-ฟิล์ม MYKA#TGS-010K 1หน้า 1200x2400mm (4""x8"")",,บริษัท ควอลิตี้ลามิเนเตอร์ จำกัด,62.00,0,,,,,,,
DA,Board,DA0214,"ไม้ HMR15mm-ฟิล์ม MYKA#TGS-010K 1หน้า 1200x2400mm (4""x8"")",,บริษัท ควอลิตี้ลามิเนเตอร์ จำกัด,62.00,0,,,,,,,
DA,Board,DA0215,"ไม้ HMR15mm-ฟิล์ม MYKA#TGS-010K 2หน้า 1200x2400mm (4""x8"")",,บริษัท ควอลิตี้ลามิเนเตอร์ จำกัด,110.00,0,,,,,,,
DA,Board,DA0216,"ไม้ HMR18mm-ฟิล์ม MYKA#TGS-010K 2หน้า 1200x2400mm (4""x8"")",,บริษัท ควอลิตี้ลามิเนเตอร์ จำกัด,115.00,0,,,,,,,
DA,Board,DA0217,"ไม้ HDF4mm--ฟิล์ม MYKA#TIN-011K 1หน้า 1200x3000mm (4""x10"")",,บริษัท ควอลิตี้ลามิเนเตอร์ จำกัด,70.00,0,,,,,,,
DA,Board,DA0218,"ไม้ HMR12mm-ฟิล์ม MYKA#TIN-011K 1หน้า 1200x2750mm (4""x9"")",,บริษัท ควอลิตี้ลามิเนเตอร์ จำกัด,70.00,0,,,,,,,
DA,Board,DA0219,"ไม้ HMR15mm-ฟิล์ม MYKA#TIN-011K 1หน้า 1200x2400mm (4""x8"")",,บริษัท ควอลิตี้ลามิเนเตอร์ จำกัด,62.00,0,,,,,,,
DA,Board,DA0220,"ไม้ HMR15mm-ฟิล์ม MYKA#TIN-011K 2หน้า 1200x2400mm (4""x8"")",,บริษัท ควอลิตี้ลามิเนเตอร์ จำกัด,110.00,0,,,,,,,
DA,Board,DA0221,"ไม้ HMR18mm-ฟิล์ม MYKA#TIN-011K 2หน้า 1200x2400mm (4""x8"")",,บริษัท ควอลิตี้ลามิเนเตอร์ จำกัด,115.00,0,,,,,,,
DA,Board,DA0222,"ไม้ HDF4mm-ฟิล์ม MYKA#TGS-010K 1หน้า 1200x3000mm (4""x10"")",,บริษัท ควอลิตี้ลามิเนเตอร์ จำกัด,70.00,0,,,,,,,
DA,Board,DA0223,"ไม้ HMR12mm-ฟิล์ม MYKA#TGS-010K 1หน้า 1200x2000mm (4""x6.6"")",,บริษัท ควอลิตี้ลามิเนเตอร์ จำกัด,62.00,0,,,,,,,
DA,Board,DA0224,"ไม้ HMR12mm-ฟิล์ม MYKA#TGS-010K 2หน้า 1200x2400mm (4""x8"")",,บริษัท ควอลิตี้ลามิเนเตอร์ จำกัด,110.00,0,,,,,,,
DA,Board,DA0225,"ไม้ HDF4mm-ฟิล์ม MYKA#TGS-001K 1หน้า 1200x2000mm (4""x6.6"")",,บริษัท ควอลิตี้ลามิเนเตอร์ จำกัด,55.00,0,,,,,,,
DA,Board,DA0226,"ไม้ HDF4mm-ฟิล์ม MYKA#TGS-001K 1หน้า 1200x2400mm (4""x8"")",,บริษัท ควอลิตี้ลามิเนเตอร์ จำกัด,57.00,0,,,,,,,
DA,Board,DA0227,"ไม้ HDF4mm-ฟิล์ม MYKA#TGS-001K 1หน้า 1200x2600mm (4""x8.6"")",,บริษัท ควอลิตี้ลามิเนเตอร์ จำกัด,60.00,0,,,,,,,
DA,Board,DA0228,"ไม้ HDF4mm-ฟิล์ม MYKA#TGS-001K 1หน้า 1200x2800mm (4""x9.3"")",,บริษัท ควอลิตี้ลามิเนเตอร์ จำกัด,65.00,0,,,,,,,
DA,Board,DA0229,"ไม้ HDF4mm-ฟิล์ม MYKA#TGS-001K 1หน้า 1200x3000mm (4""x10"")",,บริษัท ควอลิตี้ลามิเนเตอร์ จำกัด,70.00,0,,,,,,,
DA,Board,DA0230,"ไม้ HMR12mm-ฟิล์ม MYKA#TGS-001K 1หน้า 1200x2400mm (4""x8"")",,บริษัท ควอลิตี้ลามิเนเตอร์ จำกัด,62.00,0,,,,,,,
DA,Board,DA0231,"ไม้ HMR15mm-ฟิล์ม MYKA#TGS-001K 1หน้า 1200x2400mm (4""x8"")",,บริษัท ควอลิตี้ลามิเนเตอร์ จำกัด,62.00,0,,,,,,,
DA,Board,DA0232,"ไม้ HMR15mm-ฟิล์ม MYKA#TGS-001K 2หน้า 1200x2400mm (4""x8"")",,บริษัท ควอลิตี้ลามิเนเตอร์ จำกัด,110.00,0,,,,,,,
DA,Board,DA0233,"ไม้ HMR18mm-ฟิล์ม MYKA#TGS-001K 1หน้า 1200x2400mm (4""x8"")",,บริษัท ควอลิตี้ลามิเนเตอร์ จำกัด,66.00,0,,,,,,,
DA,Board,DA0234,"ไม้ HMR18mm-ฟิล์ม MYKA#TGS-001K 2หน้า 1200x2400mm (4""x8"")",,บริษัท ควอลิตี้ลามิเนเตอร์ จำกัด,115.00,0,,,,,,,
DA,Board,DA0235,"ไม้ HMR9mm-ฟิล์ม MYKA#TGS-010K 1หน้า 1200x2400mm (4""x8"")",,บริษัท ควอลิตี้ลามิเนเตอร์ จำกัด,62.00,0,,,,,,,
DA,Board,DA0236,"ไม้ HMR18mm-ฟิล์ม MYKA#TGS-010K 1หน้า 1200x2400mm (4""x8"")",,บริษัท ควอลิตี้ลามิเนเตอร์ จำกัด,66.00,0,,,,,,,
DA,Board,DA0237,"ไม้ HDF4mm-ฟิล์ม MYKA#TIN-745K 1หน้า 1200x2400mm (4""x8"")",,บริษัท ควอลิตี้ลามิเนเตอร์ จำกัด,57.00,0,,,,,,,
DA,Board,DA0238,"ไม้ HDF4mm-ฟิล์ม MYKA#TIN-745K 1หน้า 1200x2650mm (4""x8.8"")",,บริษัท ควอลิตี้ลามิเนเตอร์ จำกัด,60.00,0,,,,,,,
DA,Board,DA0239,"ไม้ HMR9mm-ฟิล์ม MYKA#TIN-745K 2หน้า 1200x2400mm (4""x8"")",,บริษัท ควอลิตี้ลามิเนเตอร์ จำกัด,110.00,0,,,,,,,
DA,Board,DA0240,"ไม้ HMR12mm-ฟิล์ม MYKA#TIN-745K 1หน้า 1200x2400mm (4""x8"")",,บริษัท ควอลิตี้ลามิเนเตอร์ จำกัด,62.00,0,,,,,,,
DA,Board,DA0241,"ไม้ HMR12mm-ฟิล์ม MYKA#TIN-745K 1หน้า 1200x2650mm (4""x8.8"")",,บริษัท ควอลิตี้ลามิเนเตอร์ จำกัด,70.00,0,,,,,,,
DA,Board,DA0242,"ไม้ HMR12mm-ฟิล์ม MYKA#TIN-745K 2หน้า 1200x2400mm (4""x8"")",,บริษัท ควอลิตี้ลามิเนเตอร์ จำกัด,110.00,0,,,,,,,
DA,Board,DA0243,"ไม้ HMR15mm-ฟิล์ม MYKA#TIN-745K 1หน้า 1200x2400mm (4""x8"")",,บริษัท ควอลิตี้ลามิเนเตอร์ จำกัด,55.00,0,,,,,,,
DA,Board,DA0244,"ไม้ HMR15mm-ฟิล์ม MYKA#TIN-745K 2หน้า 1200x2400mm (4""x8"")",,บริษัท ควอลิตี้ลามิเนเตอร์ จำกัด,110.00,0,,,,,,,
DA,Board,DA0245,"ไม้ HMR18mm-ฟิล์ม MYKA#TIN-745K 2หน้า 1200x2400mm (4""x8"")",,บริษัท ควอลิตี้ลามิเนเตอร์ จำกัด,115.00,0,,,,,,,
DA,Board,DA0246,"ไม้ HMR18mm-ฟิล์ม MYKA#TGS-004K 1หน้า 1200x2400mm (4""x8"")",,บริษัท ควอลิตี้ลามิเนเตอร์ จำกัด,66.00,0,,,,,,,
DA,Board,DA0247,"ไม้ HMR9mm-ฟิล์ม MYKA#TGS-004K 1หน้า 1200x2400mm (4""x8"")",,บริษัท ควอลิตี้ลามิเนเตอร์ จำกัด,62.00,0,,,,,,,
DA,Board,DA0248,"ไม้ HMR12mm-ฟิล์ม MYKA#TGS-004K 1หน้า 1200x2400mm (4""x8"")",,บริษัท ควอลิตี้ลามิเนเตอร์ จำกัด,62.00,0,,,,,,,
DA,Board,DA0249,"ไม้ HDF4mm-ฟิล์ม MYKA#TGS-004K 1หน้า 1200x2800mm (4""x9.3"")",,บริษัท ควอลิตี้ลามิเนเตอร์ จำกัด,65.00,0,,,,,,,
DA,Board,DA0250,"ไม้ HDF4mm-ฟิล์ม MYKA#TGS-005K 1หน้า 1200x3000mm (4""x10"")",, บริษัท ควอลิตี้ลามิเนเตอร์ จำกัด ,70.00,0,,,,,,,
DA,Board,DA0251,"ไม้ HMR12mm-ฟิล์ม MYKA#TGS-005K 2หน้า 1200x2400mm (4""x8"")",, บริษัท ควอลิตี้ลามิเนเตอร์ จำกัด ,110.00,0,,,,,,,
DA,Board,DA0252,"ไม้ HMR15mm-ฟิล์ม MYKA#TGS-005K 1หน้า 1200x2400mm (4""x8"")",, บริษัท ควอลิตี้ลามิเนเตอร์ จำกัด ,62.00,0,,,,,,,
DA,Board,DA0253,"ไม้ HMR15mm-ฟิล์ม MYKA#TGS-005K 2หน้า 1200x2400mm (4""x8"")",, บริษัท ควอลิตี้ลามิเนเตอร์ จำกัด ,50.00,0,,,,,,,
DA,Board,DA0254,"ไม้ HMR18mm-ฟิล์ม MYKA#TGS-005K 1หน้า 1200x2400mm (4""x8"")",, บริษัท ควอลิตี้ลามิเนเตอร์ จำกัด ,66.00,0,,,,,,,
DA,Board,DA0255,"ไม้ HMR18mm-ฟิล์ม MYKA#TGS-005K 2หน้า 1200x2400mm (4""x8"")",, บริษัท ควอลิตี้ลามิเนเตอร์ จำกัด ,115.00,0,,,,,,,
DA,Board,DA0256,"ไม้ HDF4mm-ฟิล์ม MYKA#TIN-005K 1หน้า 1200x3000mm (4""x10"")",, บริษัท ควอลิตี้ลามิเนเตอร์ จำกัด ,110.00,0,,,,,,,
DA,Board,DA0257,"ไม้ HMR18mm-ฟิล์ม MYKA#TIN-005K 2หน้า 1200x2400mm (4""x8"")",, บริษัท ควอลิตี้ลามิเนเตอร์ จำกัด ,115.00,0,,,,,,,
DA,Board,DA0258,"ไม้ HMR6mm ปิดผิววีเนียร์ Vnr.Recomposed FW-1111 2หน้า 1200x2400mm (4""x8"") A/A",,,1630.00,0,,,,,,,
DA,Board,DA0259,"ไม้ HMR12mm ปิดผิววีเนียร์ Vnr.Recomposed FW-1111 2หน้า 1200x2400mm (4""x8"") A/A",,,1830.00,0,,,,,,,
DA,Board,DA0260,"ไม้ HMR18mm ปิดผิววีเนียร์ Vnr.Recomposed FW-1111 1หน้า 1200x2400mm (4""x8"") A ",,,1405.00,0,,,,,,,
DA,Board,DA0261,"ไม้ HMR18mm ปิดผิววีเนียร์ Vnr.Recomposed FW-1111 2หน้า 1200x2400mm (4""x8"") A/A",,,2060.00,0,,,,,,,
DA,Board,DA0262,"ไม้อัดยาง PW4mm ปิดผิววีเนียร์ A Vnr.FW-1111 1200x2400mm (4""x8"")",,,625.00,0,,,,,,,
DA,Board,DA0263,"ไม้อัดยาง PW4mm ปิดผิววีเนียร์ A Vnr.FW-1111ต่อ Finger joint 1220x3050mm (4""x10"")",,,2520.00,0,,,,,,,
DA,Board,DA0264,"ไม้อัดยาง PW4mm ปิดผิววีเนียร์ A Vnr.FW-1134 ต่อ Finger joint 1220x3000mm (4""x10"")",,,2520.00,0,,,,,,,
DA,Board,DA0265,"ไม้อัดยาง PW6mm ปิดผิววีเนียร์ A Vnr.Reccomposed FW-1134 1200x2400mm (4""x8"") A",,,975.00,0,,,,,,,
DA,Board,DA0266,"ไม้อัดยาง PW10mm ปิดผิววีเนียร์ A Vnr.Reccomposed FW-1134 1200x2400mm (4""x8"") A",,,1365.00,0,,,,,,,
DA,Board,DA0267,ซ้ำ,,,,0,,,,,,,
DA,Board,DA0268,"ไม้อัดยาง PW4mm-ปิดผิววีเนียร์ FW-1111 เยื่อบางต่อFinger Joint 1200x3000mm (4""x10"")",,,2550.00,0,,,,,,,
DA,Board,DA0269,"ไม้อัดยาง PW4mm-ปิดผิววีเนียร์ A Vnr.Reccomposed FW-1134 4x1200x2400mm (4""x8"") A",,,775.00,0,,,,,,,
DA,Board,DA0270,"ไม้อัดยางดัดโค้ง PW4mm-เปลือย -1200x2400mm (4""x8"")",,,489.95,0,,,,,,,
DA,Board,DA0271,"ไม้อัดยางดัดโค้ง PW4mm-ลายไม้สักขวาง 1หน้า 1200x2400mm (4""x8"")",,,,0,,,,,,,
DA,Board,DA0272,"ไม้อัดยางดัดโค้ง PW6mm-เปลือยลายตรง - 1200x2400mm (4""x8"") ",,,,0,,,,,,,
DA,Board,DA0273,"ไม้อัดยางดัดโค้ง PW6mm-เปลือยลายขวาง - 1200x2400mm (4""x8"")",,,,0,,,,,,,
DA,Board,DA0274,"ไม้อัดยางดัดโค้ง PW10mm-เปลือยลายขวาง 1200x2400mm (4""x8"") ",,,,0,,,,,,,
DA,Board,DA0275,"ไม้อัดยางพารางประสาน12mm-เปลือย-1200x2400mm (4""x8"") บัทจอยท์CC",,,850.00,0,,,,,,,
DA,Board,DA0276,"ไม้ HMR18mm-เมลามีน ES4006-11 2หน้า 1200x2400mm (4""x8"")",,บริษัท อีเอส คอนเซปท์ จำกัด,,0,,,,,,,
DA,Board,DA0277,"ไม้ HDF4mm-ฟิล์ม Import#67-104 1หน้า 1200x2400mm (4""x9.3"")",,,57.00,0,,,,,,,
DA,Board,DA0278,"ไม้ HDF4mm-ฟิล์ม SLT#SOIF SG165 1หน้า 1220x1880mm (4""x6"")",,,57.00,0,,,,,,,
DA,Board,DA0279,"ไม้ HDF4mm-ฟิล์ม SLT#SOIF SG165 1หน้า 1200x2650mm (4""x8.8"")",,,60.00,0,,,,,,,
DA,Board,DA0280,"ไม้ HDF4mm-ฟิล์ม SLT#SOIF SG165 1หน้า 1200x2700mm (4""x9"")",,,65.00,0,,,,,,,
DA,Board,DA0281,"ไม้ HDF4mm-ฟิล์ม SLT#SOIF SG165 1หน้า 1200x2800mm (4""x9.3"")",,,65.00,0,,,,,,,
DA,Board,DA0282,"ไม้ HMR12mm-ฟิล์ม SLT#SOIF SG165 1หน้า 1200x2400mm (4""x8"")",,,62.00,0,,,,,,,
DA,Board,DA0283,"ไม้ HMR12mm-ฟิล์ม SLT#SOIF SG165 1หน้า 1200x2650mm (4""x8.8"")",,,62.00,0,,,,,,,
DA,Board,DA0284,"ไม้ HMR15mm-ฟิล์ม SLT#SOIF SG165 1หน้า 1200x2400mm (4""x8"")",,,62.00,0,,,,,,,
DA,Board,DA0285,"ไม้ HMR15mm-ฟิล์ม SLT#SOIF SG165 2หน้า 1200x2400mm (4""x8"")",,,110.00,0,,,,,,,
DA,Board,DA0286,"ไม้ HMR12mm-ฟิล์ม SLT#SOIF MG3075 2หน้า 1200x2400mm (4""x8"")",,,110.00,0,,,,,,,
DA,Board,DA0287,"ไม้ HMR15mm-ฟิล์ม SLT#SOIF MG3075 1หน้า 1200x2400mm (4""x8"")",,,62.00,0,,,,,,,
DA,Board,DA0288,"ไม้ HMR15mm-ฟิล์ม SLT#SOIF MG3075 2หน้า 1200x2400mm (4""x8"")",,,110.00,0,,,,,,,
DA,Board,DA0289,"ไม้ HDF4mm-ฟิล์ม SLT#MYKA TIN-014K 1หน้า 1200x3000mm (4""x10"")",,,70.00,0,,,,,,,
DA,Board,DA0290,"ไม้ HMR12mm-ฟิล์ม SLT#MYKA TIN-014K 2หน้า 1200x2400mm (4""x8"")",,,105.00,0,,,,,,,
DA,Board,DA0291,"ไม้ HMR18mm-ฟิล์ม SLT#MYKA TIN-014K 1หน้า 1200x2400mm (4""x8"")",,,55.00,0,,,,,,,
DA,Board,DA0292,"ไม้ HMR18mm-ฟิล์ม SLT#MYKA TIN-014K 2หน้า 1200x2400mm (4""x8"")",,,110.00,0,,,,,,,
DA,Board,DA0293,"ไม้ HMR12mm-ฟิล์ม SLT#MYKA TIN-007K 2หน้า 1200x2400mm (4""x8"")",,,110.00,0,,,,,,,
DA,Board,DA0294,"ไม้ HMR18mm-ฟิล์ม SLT#MYKA TIN-007K 2หน้า 1200x2400mm (4""x8"")",,,115.00,0,,,,,,,
DA,Board,DA0295,"ไม้ HDF4mm-ฟิล์ม SLT#MYKA TIN-009K 1หน้า 1200x2400 (4""x8"")",,ควอลิตี้ลามิเนเตอร์ จำกัด,57.00,0,,,,,,,
DA,Board,DA0296,"ไม้ HMR18mm-ฟิล์ม SLT#MYKA TIN-009K 2หน้า 1200x2400 (4""x8"")",,ควอลิตี้ลามิเนเตอร์ จำกัด,110.00,0,,,,,,,
DA,Board,DA0297,"ไม้ HMR6mm-ฟิล์ม SLT#MYKA TIN-028K 1หน้า 1200x2400 (4""x8"")",,,57.00,0,,,,,,,
DA,Board,DA0298,"ไม้ HDF4mm-ฟิล์ม SLT#MYKA TIN-006K 2หน้า 1200x2400mm (4""x8"")",,,57.00,0,,,,,,,
DA,Board,DA0299,"ไม้ HDF4mm-ฟิล์ม SLT#MYKA TIN-006K 2หน้า 1200x2600mm (4""x8.6"")",,,65.00,0,,,,,,,
DA,Board,DA0300,"ไม้ HMR12mm-ฟิล์ม SLT#MYKA TIN-006K 2หน้า 1200x2400mm (4""x8"")",,,110.00,0,,,,,,,
DA,Board,DA0301,"ไม้ HMR18mm-ฟิล์ม SLT#MYKA TIN-006K 2หน้า 1200x2400mm (4""x8"")",,,115.00,0,,,,,,,
DA,Board,DA0302,"ไม้ HMR15mm-ฟิล์ม SLT#SOIF RS616 2หน้า 1200x2400mm (4""x8"")",,,100.00,0,,,,,,,
DA,Board,DA0303,"ไม้ HDF4mm-ฟิล์ม SLT#MYKATGS-003K 1หน้า 1200x2800mm (4""x9.3"")",,,65.00,0,,,,,,,
DA,Board,DA0304,"ไม้ ASH 4/4 25mm-สีไม้ธรรมชาติ 1200x3050mm. (4""x10"")",,,160.00,0,,,,,,,
DA,Board,DA0305,"ไม้ ASH 6/4 38mm-สีไม้ธรรมชาติ 203.2x2400mm. (0.6""x8"")",,,86.00,0,,,,,,,
DA,Board,DA0306,"ไม้ ASH 6/4 38mm-สีไม้ธรรมชาติ 203.2x3050mm. (0.6""x10"")",,,180.00,0,,,,,,,
DA,Board,DA0307,"ไม้ ASH 6/4 38mm-สีไม้ธรรมชาติ 228.6x3050mm. (0.7""x10"")",,,180.00,0,,,,,,,
DA,Board,DA0308,ไม้ ASH แปรรูป 38mm - 254x3000mm.,,,1927.08,0,,,,,,,
DA,Board,DA0309,ไม้ ASH แปรรูป 38mm - 280x3000mm.,,,2119.79,0,,,,,,,
DA,Board,DA0310,ไม้ ASH แปรรูป 38mm - 305x3000mm.,,,2312.50,0,,,,,,,
DA,Board,DA0311,"ไม้ HDF4mm-เปลือย - - 1200x2000mm (4""x7"")",,,,0,,,,,,,
DA,Board,DA0312,"ไม้ HDF4mm-เปลือย - - 1200x3000mm (4""x10"")",,,,0,,,,,,,
DA,Board,DA0313,"ไม้ HMR15mm-เปลือย - - 1200x2400mm (4""x8"")  V313",,,630.84,0,,,,,,,
DA,Board,DA0314,รอเปลี่ยน,,,,0,,,,,,,
DA,Board,DA0315,รอเปลี่ยน,,,210.28,0,,,,,,,
DA,Board,DA0316,"ไม้ HDF4mm-เปลือย - - 815x2440mm (4""x8"")",,,,0,,,,,,,
DA,Board,DA0317,"ไม้สนนิวซีแลนด์20mm-เปลือย-1200x2740mm (4""x8"")",,,,0,,,,,,,
DA,Board,DA0318,"ไม้โอ๊คท่อน 30mm-เปลือย สีไม้ธรรมชาติ  - 175x3080mm (0.5""x10"")",,,1263.86,0,,,,,,,
DA,Board,DA0319,"ไม้ปาติเกิลบอร์ด PB25mm-เปลือย - - 1200x2400mm (4""x8"")",,,429.91,0,,,,,,,
DA,Board,DA0320,"ไม้อัดโอ๊ค-PW4mm-เปลือย 1200x2400mm. (4""x8"")",,,470.00,0,,,,,,,
DA,Board,DA0321,"ไม้คิ้ว 1"" เปลือย 1200x2400mm (4""x8"")",,,,0,,,,,,,
DA,Board,DA0322,ไม้จริง 4/425mm-- WHITE OAK - 25x152x3050mm.,,,1041.00,0,,,,,,,
DA,Board,DA0323,"ไม้ยางแท้ 1.5""x3x3M",,,,0,,,,,,,
DA,Board,DA0324,"ไม้ HMR12mm-ปิดผิวลามิเนต DXO 5337D 1หน้า 1200x2400mm. (4""x8"")",,,,0,,,,,,,
DA,Board,DA0325,"ไม้ HMR18mm-ปิดผิวลามิเนต DXO 5337D 1หน้า 1200x2400mm. (4""x8"")",,,,0,,,,,,,
DA,Board,DA0326,"ไม้ HDF4mm-ปิดผิววีเนียร์ OAK 2หน้า 1200x2800 (4""x9.3"")",,,,0,,,,,,,
DA,Board,DA0327,"ไม้ HMR12mm-ปิดผิววีเนียร์ OAK 2หน้า 1200x2400mm (4""x8"")",,,,0,,,,,,,
DA,Board,DA0328,"ไม้ HMR18mm-ปิดผิววีเนียร์ OAK 1หน้า 1200x2400mm (4""x8"")",,,,0,,,,,,,
DA,Board,DA0329,"ไม้ MDF6mm-ปิดผิววีเนียร์ OAK 1หน้า 1200x2400mm (4""x8"")",,,,0,,,,,,,
DA,Board,DA0330,"ไม้ MDF12mm ปิดผิววีเนียร์ OAK 1หน้า 1200x2400mm (4""x8"")",,,,0,,,,,,,
DA,Board,DA0331,"ไม้ MDF12mm-ปิดผิววีเนียร์ OAK 1หน้า 1200x2400mm (4""x8"")",,,,0,,,,,,,
DA,Board,DA0332,"ไม้ MDF19mm-ปิดผิววีเนียร์ OAK 1หน้า 1200x2400mm (4""x8"")",,,,0,,,,,,,
DA,Board,DA0333,"ไม้ MDF20mm-ปิดผิววีเนียร์ OAK 1หน้า 1200x2400mm (4""x8"")",,,,0,,,,,,,
DA,Board,DA0334,"ไม้ MDF25mm-ปิดผิววีเนียร์ OAK 1หน้า 1200x2400mm (4""x8"")",,,,0,,,,,,,
DA,Board,DA0335,"ไม้อัด PW4mm-ปิดผิววีเนียร์ OAK 1หน้า 2400x1200mm.(4""x8"") VLN13C (ลายขวาง)",,,4700.00,0,,,,,,,
DA,Board,DA0336,"ไม้อัด PW4mm-ปิดผิววีเนียร์ OAK VLN13C 1หน้า 1220x3050mm. (4""x10"") (ลายขวาง)",,,6700.00,0,,,,,,,
DA,Board,DA0337,"ไม้อัด PW4mm-ปิดผิววีเนียร์ OAK VLN13C (ลายตรง) 1หน้า 1200x2400mm. (4""x8"") ",,,4700.00,0,,,,,,,
DA,Board,DA0338,"ไม้อัด PW4mm-ปิดผิววีเนียร์ OAK VLN13C (ลายตรง) 1หน้า 1220x3050mm. (4""x10"") VLN13C",,,6700.00,0,,,,,,,
DA,Board,DA0339,"ไม้อัดยาง PW4mm-ปิดผิววีเนียร์ White Oak ลายภูเขา 1หน้า 1220x3300mm. (4""x11"")",,,7476.64,0,,,,,,,
DA,Board,DA0340,"ไม้อัดยาง PW4mm-ปิดผิววีเนียร์ White Oak ลายภูเขา A VNr.F-04 (เยื่อบาง) 1200x2400mm. (4""x8"")",,,620.00,0,,,,,,,
DA,Board,DA0341,"ไม้อัดยาง PW6mm-ปิดผิววีเนียร์ WhiteOak ลายภูเขา (เยื่อหนา) 1200x2400mm (4""x8"")",,,1350.00,0,,,,,,,
DA,Board,DA0342,"ไม้อัดยาง PW4mm ปิดผิววีเนียร์ ลายไม้สัก 1ด้าน 1200x2400mm (4""x8"")",,,,0,,,,,,,
DA,Board,DA0343,"ไม้อัด ไวท์โอ๊ค-PW3mm-ผิว WhiteOak 1200x2400mm. (4""x8"")",,เมโทร พาเนล จำกัด ,3000.00,0,,,,,,,
DA,Board,DA0344,"ไม้อัด ไวท์โอ๊ค-PW4mm-ผิว WhiteOak 1200x2400mm. (4""x8"")",,,,0,,,,,,,
DA,Board,DA0345,"ไม้ HDF4mm ฟิล์ม SLT#MYKA TGS-028K 1หน้า 1200x2400 (4""x8"")",,,,0,,,,,,,
DA,Board,DA0346,"ไม้ HDF4mm-ฟิล์ม SLT#MYKA TIN-006K 1หน้า 1200x2400mm (4""x8"")",241106-004,ควอลิตี้ลามิเนเตอร์ จำกัด,57.00,0,,,,,,,
DA,Board,DA0347,"ไม้ HDF4mm-ฟิล์ม SLT#MYKA TIN-006K 1หน้า 1200x2600mm (4""x8.6"")",,,,0,,,,,,,
DA,Board,DA0348,"ไม้ HDF4mm-ฟิล์ม SLT#MYKA TIN-008K 1หน้า 1200x1800mm (4""x6"")",,,,0,,,,,,,
DA,Board,DA0349,"ไม้ HMR 12mm ฟิล์ม SLT#SOIF SG-1146 2หน้า 1200x2400mm (4""x8"")",,,110.00,0,,,,,,,
DA,Board,DA0350,"ไม้ HMR 15mm ฟิล์ม SLT#SOIF SG-1146 2หน้า 1200x2400mm (4""x8"")",,,110.00,0,,,,,,,
DA,Board,DA0351,"ไม้ HMR 18mm ฟิล์ม SLT#MYKA TIN-021K 2หน้า 1200x2400mm (4""x8"")",,,,0,,,,,,,
DA,Board,DA0352,"ไม้ HMR 18mm ฟิล์ม SLT#MYKA TIN-905K 2หน้า 1200x2400mm (4""x8"")",,,,0,,,,,,,
DA,Board,DA0353,"ไม้ HMR12mm ฟิล์ม SLT#MYKATGS-004K 2หน้า 1200x2400mm (4""x8"")",,,,0,,,,,,,
DA,Board,DA0354,"ไม้ HMR18mm ฟิล์ม SLT#MYKA TIN-015K 1หน้า 1200x2400mm (4""x8"")",,,,0,,,,,,,
DA,Board,DA0355,"ไม้ HMR18mm-ฟิล์ม SLT#MYKA TIN-910K 1หน้า 1200x2400mm (4""x8"")",,,,0,,,,,,,
DA,Board,DA0356,"ไม้ HMR18mm-ฟิล์ม SLT#MYKA TIN-910K 2 หน้า 1200x2400mm (4""x8"")",,,,0,,,,,,,
DA,Board,DA0357,"ไม้ HMR30mm ฟิล์ม SLT#MYKATGS-001K 1หน้า 1200x2400mm (4""x8"")",,บริษัท ควอลิตี้ลามิเนเตอร์ จำกัด,,0,,,,,,,
DA,Board,DA0358,"ไม้HMR12mm+HDF4mm ฟิล์ม SLT#MYKA-TGS-001K  1หน้า 1200x2600mm (4""x8.6"")",,บริษัท ควอลิตี้ลามิเนเตอร์ จำกัด,,0,,,,,,,
DA,Board,DA0359,"ไม้HMR12mm+HDF4mm ฟิล์ม SLT#MYKA-TGS-003K  1หน้า 1200x2800mm (4""x9.3"")",,,,0,,,,,,,
DA,Board,DA0360,"ไม้HMR12mm+HDF4mm ฟิล์ม SLT#MYKATGS-010K  1หน้า 1200x2800mm (4""x9.3"")",,,,0,,,,,,,
DA,Board,DA0361,"ไม้HMR12mm+HDF4mm ฟิล์ม SLT#MYKA TIN-011K  1หน้า 1200x2600mm (4""x8.6"")",,,,0,,,,,,,
DA,Board,DA0362,"ไม้HMR12mm+HDF4mm ฟิล์ม SLT#MYKA TIN-011K 1หน้า 1200x2700mm (4""x9"")",,,,0,,,,,,,
DA,Board,DA0363,"ไม้HMR15mm+HDF4mm ฟิล์ม SLT#MYKA TGS-003K  2หน้า 1200x2400mm (4""x8"")",,,,0,,,,,,,
DA,Board,DA0364,ไม้ HMR 15mm ฟิล์ม-น้ำเงิน 2หน้า 1200x2400mm,,,,0,,,,,,,
DA,Board,DA0365,"แผ่นPlaswood20mm-ปิดผิวลามิเนต HPL H-PW200P1105 White 1200x2400mm (4""x8"")",,,,0,,,,,,,
DA,Board,DA0366,"ไม้ HMR12mm-ปิดผิวลามิเนต HPL SCA1136DA 1หน้า 1200x2400mm (4""x8"")",,,,0,,,,,,,
DA,Board,DA0367,"ไม้ MDF12mm-ปิดผิวลามิเนต HPL H-PW200P1105 White 2หน้า 1200x2400mm (4""x8"")",,,,0,,,,,,,
DA,Board,DA0368,"ไม้ MDF15mm-ปิดผิวลามิเนต HPL H-PW200P1105 White 2หน้า 1200x2400mm (4""x8"")",,,,0,,,,,,,
DA,Board,DA0369,"ไม้ MDF19mm-ปิดผิวลามิเนต HPL H-PW200P1105 White 2หน้า 1200x2400mm (4""x8"")",,,,0,,,,,,,
DA,Board,DA0370,"ไม้ MDF20mm-ปิดผิวลามิเนต GT-21-501 2หน้า 1200x2400mm (4""x8"")",,,,0,,,,,,,
DA,Board,DA0371,"ไม้ MDF25mm-ปิดผิวลามิเนต GT-21-501 2หน้า 1200x2400mm (4""x8"")",,,,0,,,,,,,
DA,Board,DA0372,"ไม้ MDF9mm-ปิดผิวลามิเนต GT-21-501 2หน้า 1200x2400mm (4""x8"")",,,,0,,,,,,,
DA,Board,DA0373,"ไม้ HMR12mm-ปิดผิวลามิเนต HPL-DXO5337D 1หน้า 1200x2400mm (4""x8"")",,,,0,,,,,,,
DA,Board,DA0374,"ไม้ HMR18mm-เมลามีน MKW101-02 1หน้า 1200x2400mm (4""x8"")",, บริษัท เอ็มเค วู้ดเทค จำกัด ,,0,,,,,,,
DA,Board,DA0375,"ไม้ MDF25mm-เมลามีน MKW101-04 1หน้า 1200x2400mm (4""x8"")",, บริษัท เอ็มเค วู้ดเทค จำกัด ,,0,,,,,,,
DA,Board,DA0376,"ไม้อัดยาง PWB12mm-เมลามีน MKW101-09 2หน้า 1200x2400mm (4""x8"")",, บริษัท เอ็มเค วู้ดเทค จำกัด ,,0,,,,,,,
DA,Board,DA0377,"ไม้ HMR15mm-เมลามีน MKW2291-09 2หน้า 1200x2400mm (4""x8"") ",, บริษัท เอ็มเค วู้ดเทค จำกัด ,,0,,,,,,,
DA,Board,DA0378,"ไม้ HMR18mm-เมลามีน MKW2291-09 2หน้า 1200x2400mm (4""x8"") ",, บริษัท เอ็มเค วู้ดเทค จำกัด ,,0,,,,,,,
DA,Board,DA0379,"ไม้ HMR15mm-เมลามีน MKW3258-15 2หน้า 1200x2400mm (4""x8"") Matt-Supergloss Gray",, บริษัท เอ็มเค วู้ดเทค จำกัด ,,0,,,,,,,
DA,Board,DA0380,ซ้ำ,, บริษัท เอ็มเค วู้ดเทค จำกัด ,,0,,,,,,,
DA,Board,DA0381,"ไม้ HMR4mm-เมลามีน MKW3258-09 2หน้า 1200x2400mm (4""x8"")",, บริษัท เอ็มเค วู้ดเทค จำกัด ,,0,,,,,,,
DA,Board,DA0382,"ไม้ MDF15mm-เมลามีน MKW3258-09 2หน้า 1200x2400mm (4""x8"")",, บริษัท เอ็มเค วู้ดเทค จำกัด ,,0,,,,,,,
DA,Board,DA0383,"ไม้ MDF19mm-เมลามีน MKW3258-09 1หน้า 1200x2400mm (4""x8"")",, บริษัท เอ็มเค วู้ดเทค จำกัด ,,0,,,,,,,
DA,Board,DA0384,"ไม้ HMR18mm-เมลามีน MKW218 2หน้า 1200x2400mm (4""x8"")",, บริษัท เอ็มเค วู้ดเทค จำกัด ,,0,,,,,,,
DA,Board,DA0385,"ไม้ HMR9mm-เมลามีน MKW218 2หน้า 1200x2400mm (4""x8"")",, บริษัท เอ็มเค วู้ดเทค จำกัด ,,0,,,,,,,
DA,Board,DA0386,"ไม้ HMR18mm-เมลามีน MKW3325 2หน้า 1200x2400mm (4""x8"")",, บริษัท เอ็มเค วู้ดเทค จำกัด ,1120.00,0,,,,,,,
DA,Board,DA0387,"ไม้ MDF19mm-เมลามีน MKW3325 2หน้า 1200x2400mm (4""x8"")",, บริษัท เอ็มเค วู้ดเทค จำกัด ,830.00,0,,,,,,,
DA,Board,DA0388,"ไม้ HMR18mm-เมลามีน MKW-5771-11 2หน้า 1200x2400mm (4""x8"")",, บริษัท เอ็มเค วู้ดเทค จำกัด ,1310.00,0,,,,,,,
DA,Board,DA0389,"ไม้ MDF19mm-เมลามีน MKW3309-06 1หน้า 1200x2400 (4""x8"")",, บริษัท เอ็มเค วู้ดเทค จำกัด ,850.00,0,,,,,,,
DA,Board,DA0390,"ไม้ MDF19mm-เมลามีน MKW400-02 2หน้า 1200x2400mm (4""x8"") BLACK",, บริษัท เอ็มเค วู้ดเทค จำกัด ,,0,,,,,,,
DA,Board,DA0391,"ไม้MDF19mm-เมลามีน สีฟ้า 2หน้า 1200x2400mm (4""x8"")",,,,0,,,,,,,
DA,Board,DA0392,"ไม้ HMR12mm-เมลามีน ลายไม้-น้ำตาลอ่อน 2หน้า 1200x2400mm (4""x8"")",,,,0,,,,,,,
DA,Board,DA0393,"ไม้ HMR18mm-เมลามีน ลายไม้-เทา 2หน้า 1200x2400mm (4""x8"")",,,,0,,,,,,,
DA,Board,DA0394,"แผ่นคอมแพค 6mm สีดำ 1200x2400mm (4""x8"")",,,,0,,,,,,,
DA,Board,DA0395,"ไม้ HMR25mm-เมลามีน MKW101-09 1หน้า 1200x2400mm (4""x8"")",,เอ็มเค วู้ดเทค จำกัด,1140.00,0,,,,,,,
DA,Board,DA0396,"แผ่นPlaswood Plus 4.5mm-เปลือย1200x2400mm (4""x8"")",, -   , -   ,0,,,,,,,
DA,Board,DA0397,"ไม้ HDF4mm-ฟิล์ม SLT#MYKA TIN-009K 1หน้า 1200x1500 (4""x5"")",,ควอลิตี้ลามิเนเตอร์ จำกัด,55.00,0,,,,,,,
DA,Board,DA0398,"ไม้ HMR12mm-ปิดผิวลามิเนต LSX AS-14139 CS99 -0.8mm 1หน้า 1200x2400mm (4""x8"")",,กลับจากหน้างาน, -   ,0,,,,,,,
DA,Board,DA0399,"ไม้อัด ไวท์โอ๊ค-PW3mm-ปิดผิว WhiteOak 1200x3000mm. (4""x10"")",, บริษัท เมโทร พาเนล จำกัด ,,0,,,,,,,
DA,Board,DA0400,"ไม้ HMR12mm-เมลามีน MKW1169-06 2หน้า 1200x2400mm (4""x8"")",,เอ็มเค วู้ดเทค จำกัด,905.00,0,,,,,,,
DA,Board,DA0401,"ไม้ HMR15mm-เมลามีน MKW1169-06 2หน้า 1200x2400mm (4""x8"")",,เอ็มเค วู้ดเทค จำกัด,990.00,0,,,,,,,
DA,Board,DA0402,"ไม้ HMR18mm-เมลามีน MKW1169-06 2หน้า 1200x2400mm (4""x8"")",,เอ็มเค วู้ดเทค จำกัด,1110.00,0,,,,,,,
DA,Board,DA0403,"ไม้อัด ไวท์โอ๊ค-PW4mm-ผิว WhiteOak 1200x2800mm. (4""x9"")",24050 Shabu Baru @ The Circle ทำประตู 5 แผ่น ลูกค้าฝาก 2 แผ่น,,,0,,,,,,,
DA,Board,DA0404,"ไม้ HMR18mm-เมลามีน MKW101-09 1หน้า 1200x2400 (4""x8"")",DJ24052 พ. ลานนา Renovation (ลานนา 3 ชั้น 1),เอ็มเค วู้ดเทค จำกัด,870.00,0,,,,,,,
DA,Board,DA0405,"ไม้ HMR9mm-เมลามีน MKW3258-09 1หน้า 1200x2400mm (4""x8"")",DJ24052 พ. ลานนา Renovation (ลานนา 3 ชั้น 1),เอ็มเค วู้ดเทค จำกัด,590.00,0,,,,,,,
DA,Board,DA0406,"ไม้ HMR15mm-เมลามีน MKW1169-02 1หน้า 1200x2400 (4""x8"")",DJ24052 พ. ลานนา Renovation (ลานนา 3 ชั้น 1),เอ็มเค วู้ดเทค จำกัด,860.00,0,,,,,,,
DA,Board,DA0407,"ไม้ HMR15mm-เมลามีน MKW1169-02 2หน้า 1200x2400 (4""x8"")",DJ24052 พ. ลานนา Renovation (ลานนา 3 ชั้น 1 ,เอ็มเค วู้ดเทค จำกัด,890.00,0,,,,,,,
DA,Board,DA0408,"ไม้อัด LVL 25mm เปลือย 250x4000mm (1""x10""x4M)",003 STORE,สุขสวัสดิ์ไม้อัดไทย จำกัด,271.03,,,,,,,,
DA,Board,DA0409,"ไม้ HMR9mm-เมลามีน MKW101-09 1หน้า 1200x2400 (4""x8"")",24052 รพ.ลานนา Renovation,เอ็มเค วู้ดเทค จำกัด,530.00,,,,,,,,
DA,Board,DA0410,"ไม้ HDF4mm--ฟิล์ม MYKA#TIN-011K 1หน้า 1200x2400mm (4""x8"")",POF241212-002 24030 Legacy Clubhouse,ควอลิตี้ลามิเนเตอร์ จำกัด,57.00,,,,,,,,
DA,Board,DA0411,"ไม้ HDF4mm-ฟิล์ม MYKA#TIN-008K 1หน้า 1200x2250mm (4""x7.5"")",POF241212-003 24052 รพ.ลานนา Renovation,ควอลิตี้ลามิเนเตอร์ จำกัด,57.00,,,,,,,,
DA,Board,DA0412,ไม้เต็งแปรรูป 1x1x350mm,24050 Shabu Baru @The Circle,,,,,,,,,,
DA,Board,DA0413,ไม้เต็งแปรรูป 1x1x400mm,24050 Shabu Baru @The Circle,,,,,,,,,,
DA,Board,DA0414,"ไม้ HMR25mm-เมลามีน MKW12180-11 2หน้า 1200x2400 (4""x8"")",POF241203-002 24030 Legacy Clubhouse,เอ็มเค วู้ดเทค จำกัด,1350.00,,,,,,,,
DA,Board,DA0415,"ไม้ HDF4mm-เปลือย - - 1200x2250 (4""x7.5"")",,,,,,,,,,,
DA,Board,DA0416,"ไม้ HMR25mm-เมลามีน MD203 Grey 2หน้า 1200x2400mm (4""x8"")",,,,,,,,,,,
DA,Board,DA0417,"ไม้ OAK 6/4 38mm-สีไม้ธรรมชาติ (1.5""x6""x10"")",,,,,,,,,,,
DA,Board,DA0418,"ไม้ OAK 6/4 38mm-สีไม้ธรรมชาติ (1.5""x5""x11"")",,,,,,,,,,,
DA,Board,DA0419,"ไม้ MDF19mm-เมลามีน 265 2หน้า 1200x2400mm (4""x8"")",,,,,,,,,,,
DA,Board,DA0420,"ไม้ OAK 5mm-เปลือย 140x2400mm (0.4""x8"")",,,,,,,,,,,
DA,Board,DA0421,"ไม้ OAK 5mm-เปลือย 160x2400mm (0.5""x8"")",,,,,,,,,,,
DA,Board,DA0422,"แผ่นคอมแพค12mm ปิดผิวลามิเนต-สีขาว 1200x5000mm (4""x16.6"")",,,,,,,,,,,
DA,Board,DA0423,ไม้เต็งแปรรูป 1x20x3000mm,,,,,,,,,,,
DA,Board,DA0424,"ไม้ HMR36mm-เมลามีน MKW101-09 2หน้า 1200x2400mm (4""x8"")",,สุขสวัสดิ์ไม้อัดไทย จำกัด,,,,,,,,,
DA,Board,DA0425,"ไม้อัด 15mm ฟิล์ม-LannaThree-สีดำ 1200x2400mm (4""x8"")",POF250113-001 24030 Legacy Clubhouse งานแผ่นรองนั่งรถกอล์ฟ,สุขสวัสดิ์ไม้อัดไทย จำกัด,485.98,,,,,,,,
DA,Board,DA0426,"ไม้ HMR15mm-เมลามีน MKW-101-03 2หน้า 1200x2400mm (4""x8"")",POF250207-001 25001 PCG office ตึกแมว ตู้รองเท้า,บริษัท เอ็มเค วู้ดเทค จำกัด,760.00,,,,,,,,
DA,Board,DA0427,"ไม้ HMR15mm-เมลามีน MKW-7651-03 2หน้า 1200x2400mm (4""x8"")",POF250207-001 25001 PCG office ตึกแมว ตู้รองเท้า,บริษัท เอ็มเค วู้ดเทค จำกัด,820.00,,,,,,,,
DA,Board,DA0428,"ไม้ HMR15mm-เมลามีน MKW-4863-03 2หน้า 1200x2400mm (4""x8"")",POF250207-001 25001 PCG office ตึกแมว ตู้รองเท้า,บริษัท เอ็มเค วู้ดเทค จำกัด,890.00,,,,,,,,
DA,Board,DA0429,"ไม้ ASH4mm-ลายภูเขา 2หน้า 1200x2400mm (4""x8"")",DJ25003งานปรับปรุงอาคารไพโรจน์กิจจา,บริษัท สุขสวัสดิ์ไม้อัดไทย จำกัด,303.74,,,,,,,,
